date,fixture_id,match,league,kickoff,market_key,market,scope,probability_pct,reliability_pct,context_sample_n,context_hits,context_raw_hit_rate_pct,validation_band,validation_sample_n,validation_predicted_pct,validation_actual_pct,validation_gap_pp,all_results_sample_n,all_results_hits,all_results_actual_pct,platform_shown,exact_odd,bookmaker,quote_status,quote_field,quote_line_candidates,recommended_80,omission_reason
2026-08-18,1607653,Sao Paulo vs Bolívar,CONMEBOL Sudamericana,2026-08-18T19:30:00-05:00,total_goals_over0_5,Total partido — Goles — Más de 0.5,team,91.041,94.5946,210,190,90.4762,daily90,252,95.9461,94.0476,1.8985,55392,51056,92.1722,false,1.05,Bet365,below_minimum,overUnder,Over_0_5|Over_0,true,cuota real < 1.20
2026-08-18,1607653,Sao Paulo vs Bolívar,CONMEBOL Sudamericana,2026-08-18T19:30:00-05:00,total_goals_under0_5,Total partido — Goles — Menos de 0.5,team,8.959,94.5946,210,20,9.5238,high,0,,,,55392,4336,7.8278,false,11,Bet365,offered,overUnder,Under_0_5|Under_1,false,probabilidad < 70%
2026-08-18,1607653,Sao Paulo vs Bolívar,CONMEBOL Sudamericana,2026-08-18T19:30:00-05:00,total_goals_over1_5,Total partido — Goles — Más de 1.5,team,70.1695,94.5946,210,158,75.2381,high,119,86.9207,83.1933,3.7275,55392,40824,73.7002,true,1.26,Bet365,offered,overUnder,Over_1_5|Over_1,false,
2026-08-18,1607653,Sao Paulo vs Bolívar,CONMEBOL Sudamericana,2026-08-18T19:30:00-05:00,total_goals_under1_5,Total partido — Goles — Menos de 1.5,team,29.8305,94.5946,210,52,24.7619,high,0,,,,55392,14568,26.2998,false,3.75,Bet365,offered,overUnder,Under_1_5|Under_2,false,probabilidad < 70%
2026-08-18,1607653,Sao Paulo vs Bolívar,CONMEBOL Sudamericana,2026-08-18T19:30:00-05:00,total_goals_over2_5,Total partido — Goles — Más de 2.5,team,38.2964,94.5946,210,104,49.5238,high,9,90.6936,66.6667,24.0269,55392,27847,50.2726,false,1.85,Bet365,offered,overUnder,Over_2_5|Over_2,false,probabilidad < 70%
2026-08-18,1607653,Sao Paulo vs Bolívar,CONMEBOL Sudamericana,2026-08-18T19:30:00-05:00,total_goals_under2_5,Total partido — Goles — Menos de 2.5,team,61.7036,94.5946,210,106,50.4762,high,9,85.0111,55.5556,29.4556,55392,27545,49.7274,false,2.02,Bet365,offered,overUnder,Under_2_5|Under_3,false,probabilidad < 70%
2026-08-18,1607653,Sao Paulo vs Bolívar,CONMEBOL Sudamericana,2026-08-18T19:30:00-05:00,total_goals_over3_5,Total partido — Goles — Más de 3.5,team,17.4475,94.5946,210,56,26.6667,high,2,99.9999,50,49.9999,55392,15978,28.8453,false,3,Bet365,offered,overUnder,Over_3_5|Over_3,false,probabilidad < 70%
2026-08-18,1607653,Sao Paulo vs Bolívar,CONMEBOL Sudamericana,2026-08-18T19:30:00-05:00,total_goals_under3_5,Total partido — Goles — Menos de 3.5,team,82.5525,94.5946,210,154,73.3333,high,67,85.4297,76.1194,9.3103,55392,39414,71.1547,true,1.38,Bet365,offered,overUnder,Under_3_5|Under_4,true,
2026-08-18,1607653,Sao Paulo vs Bolívar,CONMEBOL Sudamericana,2026-08-18T19:30:00-05:00,total_goals_over4_5,Total partido — Goles — Más de 4.5,team,7.4556,94.5946,210,23,10.9524,high,0,,,,55392,8012,14.4642,false,6,Bet365,offered,overUnder,Over_4_5|Over_4,false,probabilidad < 70%
2026-08-18,1607653,Sao Paulo vs Bolívar,CONMEBOL Sudamericana,2026-08-18T19:30:00-05:00,total_goals_under4_5,Total partido — Goles — Menos de 4.5,team,92.5444,94.5946,210,187,89.0476,daily90,89,93.7356,91.0112,2.7244,55392,47380,85.5358,false,1.14,Bet365,below_minimum,overUnder,Under_4_5|Under_5,true,cuota real < 1.20
2026-08-18,1607653,Sao Paulo vs Bolívar,CONMEBOL Sudamericana,2026-08-18T19:30:00-05:00,home_goals_over0_5,Sao Paulo — Goles a favor — Más de 0.5,team,73.3067,94.5946,210,145,69.0476,high,107,86.5483,85.0467,1.5016,55392,41812,75.4838,false,1.11,Bet365,below_minimum,homeGoals,Over_0_5|Over_0,false,cuota real < 1.20
2026-08-18,1607653,Sao Paulo vs Bolívar,CONMEBOL Sudamericana,2026-08-18T19:30:00-05:00,home_goals_under0_5,Sao Paulo — Goles a favor — Menos de 0.5,team,26.6933,94.5946,210,65,30.9524,high,2,99.9999,0,99.9999,55392,13580,24.5162,false,6.5,Bet365,offered,homeGoals,Under_0_5|Under_1,false,probabilidad < 70%
2026-08-18,1607653,Sao Paulo vs Bolívar,CONMEBOL Sudamericana,2026-08-18T19:30:00-05:00,home_goals_over1_5,Sao Paulo — Goles a favor — Más de 1.5,team,26.7783,94.5946,210,77,36.6667,high,4,99.9999,75,24.9999,55392,23671,42.7336,false,1.53,Bet365,offered,homeGoals,Over_1_5|Over_1,false,probabilidad < 70%
2026-08-18,1607653,Sao Paulo vs Bolívar,CONMEBOL Sudamericana,2026-08-18T19:30:00-05:00,home_goals_under1_5,Sao Paulo — Goles a favor — Menos de 1.5,team,73.2217,94.5946,210,133,63.3333,high,23,86.1847,56.5217,29.663,55392,31721,57.2664,true,2.38,Bet365,offered,homeGoals,Under_1_5|Under_2,false,
2026-08-18,1607653,Sao Paulo vs Bolívar,CONMEBOL Sudamericana,2026-08-18T19:30:00-05:00,home_goals_over2_5,Sao Paulo — Goles a favor — Más de 2.5,team,3.977,94.5946,210,17,8.0952,high,1,99.9999,0,99.9999,55392,10769,19.4414,false,2.62,Bet365,offered,homeGoals,Over_2_5|Over_2,false,probabilidad < 70%
2026-08-18,1607653,Sao Paulo vs Bolívar,CONMEBOL Sudamericana,2026-08-18T19:30:00-05:00,home_goals_under2_5,Sao Paulo — Goles a favor — Menos de 2.5,team,96.023,94.5946,210,193,91.9048,elite95,15,95.8963,93.3333,2.563,55392,44623,80.5586,true,1.44,Bet365,offered,homeGoals,Under_2_5|Under_3,true,
2026-08-18,1607653,Sao Paulo vs Bolívar,CONMEBOL Sudamericana,2026-08-18T19:30:00-05:00,away_goals_over0_5,Bolívar — Goles a favor — Más de 0.5,team,67.4124,94.5946,210,150,71.4286,high,94,86.9847,74.4681,12.5166,55392,37017,66.8273,false,1.83,Bet365,offered,awayGoals,Over_0_5|Over_0,false,probabilidad < 70%
2026-08-18,1607653,Sao Paulo vs Bolívar,CONMEBOL Sudamericana,2026-08-18T19:30:00-05:00,away_goals_under0_5,Bolívar — Goles a favor — Menos de 0.5,team,32.5876,94.5946,210,60,28.5714,high,3,94.0369,66.6667,27.3702,55392,18375,33.1727,false,1.83,Bet365,offered,awayGoals,Under_0_5|Under_1,false,probabilidad < 70%
2026-08-18,1607653,Sao Paulo vs Bolívar,CONMEBOL Sudamericana,2026-08-18T19:30:00-05:00,away_goals_over1_5,Bolívar — Goles a favor — Más de 1.5,team,35.6786,94.5946,210,85,40.4762,high,0,,,,55392,18091,32.66,false,5.5,Bet365,offered,awayGoals,Over_1_5|Over_1,false,probabilidad < 70%
2026-08-18,1607653,Sao Paulo vs Bolívar,CONMEBOL Sudamericana,2026-08-18T19:30:00-05:00,away_goals_under1_5,Bolívar — Goles a favor — Menos de 1.5,team,64.3214,94.5946,210,125,59.5238,high,16,84.4829,81.25,3.2329,55392,37301,67.34,false,1.14,Bet365,below_minimum,awayGoals,Under_1_5|Under_2,false,probabilidad < 70%
2026-08-18,1607653,Sao Paulo vs Bolívar,CONMEBOL Sudamericana,2026-08-18T19:30:00-05:00,away_goals_over2_5,Bolívar — Goles a favor — Más de 2.5,team,13.0402,94.5946,210,38,18.0952,high,0,,,,55392,7108,12.8322,false,21,Bet365,offered,awayGoals,Over_2_5|Over_2,false,probabilidad < 70%
2026-08-18,1607653,Sao Paulo vs Bolívar,CONMEBOL Sudamericana,2026-08-18T19:30:00-05:00,away_goals_under2_5,Bolívar — Goles a favor — Menos de 2.5,team,86.9598,94.5946,210,172,81.9048,high,215,88.1672,87.907,0.2602,55392,48284,87.1678,false,1.01,Bet365,below_minimum,awayGoals,Under_2_5|Under_3,true,cuota real < 1.20
2026-08-18,1607653,Sao Paulo vs Bolívar,CONMEBOL Sudamericana,2026-08-18T19:30:00-05:00,away_goals_over3_5,Bolívar — Goles a favor — Más de 3.5,team,4.101,94.5946,210,19,9.0476,high,0,,,,55392,2591,4.6776,false,51,Bet365,offered,awayGoals,Over_3_5|Over_3,false,probabilidad < 70%
2026-08-18,1607653,Sao Paulo vs Bolívar,CONMEBOL Sudamericana,2026-08-18T19:30:00-05:00,away_goals_under3_5,Bolívar — Goles a favor — Menos de 3.5,team,95.899,94.5946,210,191,90.9524,elite95,54,96.712,94.4444,2.2676,55392,52801,95.3224,false,,,line_not_offered,awayGoals,Under_3_5|Under_4,true,línea exacta no entregada por bet365/bwin
2026-08-18,1607653,Sao Paulo vs Bolívar,CONMEBOL Sudamericana,2026-08-18T19:30:00-05:00,away_goals_over4_5,Bolívar — Goles a favor — Más de 4.5,team,2.3895,94.5946,210,11,5.2381,high,0,,,,55392,973,1.7566,false,,,line_not_offered,awayGoals,Over_4_5|Over_4,false,probabilidad < 70%
2026-08-18,1607653,Sao Paulo vs Bolívar,CONMEBOL Sudamericana,2026-08-18T19:30:00-05:00,away_goals_under4_5,Bolívar — Goles a favor — Menos de 4.5,team,97.6105,94.5946,210,199,94.7619,elite95,7,96.3311,85.7143,10.6168,55392,54419,98.2434,false,,,line_not_offered,awayGoals,Under_4_5|Under_5,true,línea exacta no entregada por bet365/bwin
2026-08-18,1607653,Sao Paulo vs Bolívar,CONMEBOL Sudamericana,2026-08-18T19:30:00-05:00,total_corners_over0_5,Total partido — Córners — Más de 0.5,team,100,93.75,180,180,100,elite95,224,99.9999,100,0.0001,32160,32159,99.9969,false,,,line_not_offered,corners,Over_0_5|Over_0,true,línea exacta no entregada por bet365/bwin
2026-08-18,1607653,Sao Paulo vs Bolívar,CONMEBOL Sudamericana,2026-08-18T19:30:00-05:00,total_corners_under0_5,Total partido — Córners — Menos de 0.5,team,0,93.75,180,0,0,high,0,,,,32160,1,0.0031,false,,,line_not_offered,corners,Under_0_5|Under_1,false,probabilidad < 70%
2026-08-18,1607653,Sao Paulo vs Bolívar,CONMEBOL Sudamericana,2026-08-18T19:30:00-05:00,total_corners_over1_5,Total partido — Córners — Más de 1.5,team,100,93.75,180,180,100,elite95,224,99.953,98.6607,1.2923,32160,32108,99.8383,false,,,line_not_offered,corners,Over_1_5|Over_1,true,línea exacta no entregada por bet365/bwin
2026-08-18,1607653,Sao Paulo vs Bolívar,CONMEBOL Sudamericana,2026-08-18T19:30:00-05:00,total_corners_under1_5,Total partido — Córners — Menos de 1.5,team,0,93.75,180,0,0,high,0,,,,32160,52,0.1617,false,81,Bet365,offered,corners,Under_1_5|Under_2,false,probabilidad < 70%
2026-08-18,1607653,Sao Paulo vs Bolívar,CONMEBOL Sudamericana,2026-08-18T19:30:00-05:00,total_corners_over2_5,Total partido — Córners — Más de 2.5,team,99.4468,93.75,180,178,98.8889,elite95,220,99.6361,98.1818,1.4543,32160,31923,99.2631,false,,,line_not_offered,corners,Over_2_5|Over_2,true,línea exacta no entregada por bet365/bwin
2026-08-18,1607653,Sao Paulo vs Bolívar,CONMEBOL Sudamericana,2026-08-18T19:30:00-05:00,total_corners_under2_5,Total partido — Córners — Menos de 2.5,team,0.5532,93.75,180,2,1.1111,high,0,,,,32160,237,0.7369,false,51,Bet365,offered,corners,Under_2_5|Under_3,false,probabilidad < 70%
2026-08-18,1607653,Sao Paulo vs Bolívar,CONMEBOL Sudamericana,2026-08-18T19:30:00-05:00,total_corners_over3_5,Total partido — Córners — Más de 3.5,team,95.5138,93.75,180,173,96.1111,elite95,200,98.8248,96.5,2.3248,32160,31435,97.7456,false,,,line_not_offered,corners,Over_3_5|Over_3,true,línea exacta no entregada por bet365/bwin
2026-08-18,1607653,Sao Paulo vs Bolívar,CONMEBOL Sudamericana,2026-08-18T19:30:00-05:00,total_corners_under3_5,Total partido — Córners — Menos de 3.5,team,4.4862,93.75,180,7,3.8889,high,0,,,,32160,725,2.2544,false,41,Bet365,offered,corners,Under_3_5|Under_4,false,probabilidad < 70%
2026-08-18,1607653,Sao Paulo vs Bolívar,CONMEBOL Sudamericana,2026-08-18T19:30:00-05:00,total_corners_over4_5,Total partido — Córners — Más de 4.5,team,94.7107,93.75,180,170,94.4444,daily90,196,96.7095,94.3878,2.3218,32160,30437,94.6424,false,1.01,Bet365,below_minimum,corners,Over_4_5|Over_4,true,cuota real < 1.20
2026-08-18,1607653,Sao Paulo vs Bolívar,CONMEBOL Sudamericana,2026-08-18T19:30:00-05:00,total_corners_under4_5,Total partido — Córners — Menos de 4.5,team,5.2893,93.75,180,10,5.5556,high,0,,,,32160,1723,5.3576,false,21,Bet365,offered,corners,Under_4_5|Under_5,false,probabilidad < 70%
2026-08-18,1607653,Sao Paulo vs Bolívar,CONMEBOL Sudamericana,2026-08-18T19:30:00-05:00,total_corners_over5_5,Total partido — Córners — Más de 5.5,team,92.8012,93.75,180,163,90.5556,daily90,133,94.8212,92.4812,2.34,32160,28723,89.3128,false,1.03,Bet365,below_minimum,corners,Over_5_5|Over_5,true,cuota real < 1.20
2026-08-18,1607653,Sao Paulo vs Bolívar,CONMEBOL Sudamericana,2026-08-18T19:30:00-05:00,total_corners_under5_5,Total partido — Córners — Menos de 5.5,team,7.1988,93.75,180,17,9.4444,high,0,,,,32160,3437,10.6872,false,15,Bet365,offered,corners,Under_5_5|Under_6,false,probabilidad < 70%
2026-08-18,1607653,Sao Paulo vs Bolívar,CONMEBOL Sudamericana,2026-08-18T19:30:00-05:00,total_corners_over6_5,Total partido — Córners — Más de 6.5,team,90.4358,93.75,180,155,86.1111,daily90,62,93.6408,83.871,9.7699,32160,26143,81.2904,false,1.08,Bet365,below_minimum,corners,Over_6_5|Over_6,true,cuota real < 1.20
2026-08-18,1607653,Sao Paulo vs Bolívar,CONMEBOL Sudamericana,2026-08-18T19:30:00-05:00,total_corners_under6_5,Total partido — Córners — Menos de 6.5,team,9.5642,93.75,180,25,13.8889,high,0,,,,32160,6017,18.7096,false,8,Bet365,offered,corners,Under_6_5|Under_7,false,probabilidad < 70%
2026-08-18,1607653,Sao Paulo vs Bolívar,CONMEBOL Sudamericana,2026-08-18T19:30:00-05:00,total_corners_over7_5,Total partido — Córners — Más de 7.5,team,84.6027,93.75,180,143,79.4444,high,63,87.7007,79.3651,8.3356,32160,22841,71.023,false,1.17,Bet365,below_minimum,corners,Over_7_5|Over_7,true,cuota real < 1.20
2026-08-18,1607653,Sao Paulo vs Bolívar,CONMEBOL Sudamericana,2026-08-18T19:30:00-05:00,total_corners_under7_5,Total partido — Córners — Menos de 7.5,team,15.3973,93.75,180,37,20.5556,high,0,,,,32160,9319,28.977,false,5,Bet365,offered,corners,Under_7_5|Under_8,false,probabilidad < 70%
2026-08-18,1607653,Sao Paulo vs Bolívar,CONMEBOL Sudamericana,2026-08-18T19:30:00-05:00,total_corners_over8_5,Total partido — Córners — Más de 8.5,team,75.7628,93.75,180,120,66.6667,high,29,85.0811,75.8621,9.219,32160,19207,59.7233,true,1.3,Bet365,offered,corners,Over_8_5|Over_8,false,
2026-08-18,1607653,Sao Paulo vs Bolívar,CONMEBOL Sudamericana,2026-08-18T19:30:00-05:00,total_corners_under8_5,Total partido — Córners — Menos de 8.5,team,24.2372,93.75,180,60,33.3333,high,0,,,,32160,12953,40.2767,false,3.4,Bet365,offered,corners,Under_8_5|Under_9,false,probabilidad < 70%
2026-08-18,1607653,Sao Paulo vs Bolívar,CONMEBOL Sudamericana,2026-08-18T19:30:00-05:00,total_corners_over9_5,Total partido — Córners — Más de 9.5,team,65.8718,93.75,180,94,52.2222,high,6,85.3168,50,35.3168,32160,15468,48.097,false,1.53,Bet365,offered,corners,Over_9_5|Over_9,false,probabilidad < 70%
2026-08-18,1607653,Sao Paulo vs Bolívar,CONMEBOL Sudamericana,2026-08-18T19:30:00-05:00,total_corners_under9_5,Total partido — Córners — Menos de 9.5,team,34.1282,93.75,180,86,47.7778,high,6,82.494,33.3333,49.1607,32160,16692,51.903,false,2.38,Bet365,offered,corners,Under_9_5|Under_10,false,probabilidad < 70%
2026-08-18,1607653,Sao Paulo vs Bolívar,CONMEBOL Sudamericana,2026-08-18T19:30:00-05:00,total_corners_over10_5,Total partido — Córners — Más de 10.5,team,54.1828,93.75,180,73,40.5556,high,2,91.5199,50,41.5199,32160,11741,36.5081,false,1.92,Bet365,offered,corners,Over_10_5|Over_10,false,probabilidad < 70%
2026-08-18,1607653,Sao Paulo vs Bolívar,CONMEBOL Sudamericana,2026-08-18T19:30:00-05:00,total_corners_under10_5,Total partido — Córners — Menos de 10.5,team,45.8172,93.75,180,107,59.4444,high,19,84.8717,68.4211,16.4507,32160,20419,63.4919,false,1.88,Bet365,offered,corners,Under_10_5|Under_11,false,probabilidad < 70%
2026-08-18,1607653,Sao Paulo vs Bolívar,CONMEBOL Sudamericana,2026-08-18T19:30:00-05:00,total_corners_over11_5,Total partido — Córners — Más de 11.5,team,46.5173,93.75,180,54,30,high,1,99.9999,0,99.9999,32160,8585,26.6947,false,2.38,Bet365,offered,corners,Over_11_5|Over_11,false,probabilidad < 70%
2026-08-18,1607653,Sao Paulo vs Bolívar,CONMEBOL Sudamericana,2026-08-18T19:30:00-05:00,total_corners_under11_5,Total partido — Córners — Menos de 11.5,team,53.4827,93.75,180,126,70,high,59,85.7599,67.7966,17.9633,32160,23575,73.3053,false,1.53,Bet365,offered,corners,Under_11_5|Under_12,false,probabilidad < 70%
2026-08-18,1607653,Sao Paulo vs Bolívar,CONMEBOL Sudamericana,2026-08-18T19:30:00-05:00,total_corners_over12_5,Total partido — Córners — Más de 12.5,team,34.4987,93.75,180,43,23.8889,high,1,99.9999,0,99.9999,32160,6030,18.75,false,3.25,Bet365,offered,corners,Over_12_5|Over_12,false,probabilidad < 70%
2026-08-18,1607653,Sao Paulo vs Bolívar,CONMEBOL Sudamericana,2026-08-18T19:30:00-05:00,total_corners_under12_5,Total partido — Córners — Menos de 12.5,team,65.5013,93.75,180,137,76.1111,high,123,87.7156,77.2358,10.4798,32160,26130,81.25,false,1.33,Bet365,offered,corners,Under_12_5|Under_13,false,probabilidad < 70%
2026-08-18,1607653,Sao Paulo vs Bolívar,CONMEBOL Sudamericana,2026-08-18T19:30:00-05:00,total_corners_over13_5,Total partido — Córners — Más de 13.5,team,18.5568,93.75,180,29,16.1111,high,0,,,,32160,4057,12.615,false,4.33,Bet365,offered,corners,Over_13_5|Over_13,false,probabilidad < 70%
2026-08-18,1607653,Sao Paulo vs Bolívar,CONMEBOL Sudamericana,2026-08-18T19:30:00-05:00,total_corners_under13_5,Total partido — Córners — Menos de 13.5,team,81.4432,93.75,180,151,83.8889,high,166,90.058,87.3494,2.7086,32160,28103,87.385,true,1.2,Bet365,offered,corners,Under_13_5|Under_14,true,
2026-08-18,1607653,Sao Paulo vs Bolívar,CONMEBOL Sudamericana,2026-08-18T19:30:00-05:00,total_corners_over14_5,Total partido — Córners — Más de 14.5,team,10.4394,93.75,180,17,9.4444,high,0,,,,32160,2645,8.2245,false,6.5,Bet365,offered,corners,Over_14_5|Over_14,false,probabilidad < 70%
2026-08-18,1607653,Sao Paulo vs Bolívar,CONMEBOL Sudamericana,2026-08-18T19:30:00-05:00,total_corners_under14_5,Total partido — Córners — Menos de 14.5,team,89.5606,93.75,180,163,90.5556,high,157,92.1899,90.4459,1.744,32160,29515,91.7755,false,1.11,Bet365,below_minimum,corners,Under_14_5|Under_15,true,cuota real < 1.20
2026-08-18,1607653,Sao Paulo vs Bolívar,CONMEBOL Sudamericana,2026-08-18T19:30:00-05:00,total_corners_over15_5,Total partido — Córners — Más de 15.5,team,8.5372,93.75,180,10,5.5556,high,0,,,,32160,1601,4.9782,false,10,Bet365,offered,corners,Over_15_5|Over_15,false,probabilidad < 70%
2026-08-18,1607653,Sao Paulo vs Bolívar,CONMEBOL Sudamericana,2026-08-18T19:30:00-05:00,total_corners_under15_5,Total partido — Córners — Menos de 15.5,team,91.4628,93.75,180,170,94.4444,daily90,74,95.1756,94.5946,0.581,32160,30559,95.0218,false,1.06,Bet365,below_minimum,corners,Under_15_5|Under_16,true,cuota real < 1.20
2026-08-18,1607653,Sao Paulo vs Bolívar,CONMEBOL Sudamericana,2026-08-18T19:30:00-05:00,home_corners_over0_5,Sao Paulo — Córners a favor — Más de 0.5,team,98.6437,93.75,180,175,97.2222,elite95,198,98.6901,95.9596,2.7305,32160,31574,98.1779,false,,,line_not_offered,homeCorners,Over_0_5|Over_0,true,línea exacta no entregada por bet365/bwin
2026-08-18,1607653,Sao Paulo vs Bolívar,CONMEBOL Sudamericana,2026-08-18T19:30:00-05:00,home_corners_under0_5,Sao Paulo — Córners a favor — Menos de 0.5,team,1.3563,93.75,180,5,2.7778,high,0,,,,32160,586,1.8221,false,,,line_not_offered,homeCorners,Under_0_5|Under_1,false,probabilidad < 70%
2026-08-18,1607653,Sao Paulo vs Bolívar,CONMEBOL Sudamericana,2026-08-18T19:30:00-05:00,home_corners_over1_5,Sao Paulo — Córners a favor — Más de 1.5,team,92.0292,93.75,180,159,88.3333,daily90,134,95.1125,89.5522,5.5603,32160,29719,92.4098,false,,,line_not_offered,homeCorners,Over_1_5|Over_1,true,línea exacta no entregada por bet365/bwin
2026-08-18,1607653,Sao Paulo vs Bolívar,CONMEBOL Sudamericana,2026-08-18T19:30:00-05:00,home_corners_under1_5,Sao Paulo — Córners a favor — Menos de 1.5,team,7.9708,93.75,180,21,11.6667,high,0,,,,32160,2441,7.5902,false,,,line_not_offered,homeCorners,Under_1_5|Under_2,false,probabilidad < 70%
2026-08-18,1607653,Sao Paulo vs Bolívar,CONMEBOL Sudamericana,2026-08-18T19:30:00-05:00,home_corners_over2_5,Sao Paulo — Córners a favor — Más de 2.5,team,82.1677,93.75,180,141,78.3333,high,90,87.8926,85.5556,2.337,32160,26611,82.7456,false,,,line_not_offered,homeCorners,Over_2_5|Over_2,true,línea exacta no entregada por bet365/bwin
2026-08-18,1607653,Sao Paulo vs Bolívar,CONMEBOL Sudamericana,2026-08-18T19:30:00-05:00,home_corners_under2_5,Sao Paulo — Córners a favor — Menos de 2.5,team,17.8323,93.75,180,39,21.6667,high,0,,,,32160,5549,17.2544,false,,,line_not_offered,homeCorners,Under_2_5|Under_3,false,probabilidad < 70%
2026-08-18,1607653,Sao Paulo vs Bolívar,CONMEBOL Sudamericana,2026-08-18T19:30:00-05:00,home_corners_over3_5,Sao Paulo — Córners a favor — Más de 3.5,team,72.8796,93.75,180,116,64.4444,high,29,86.459,79.3103,7.1486,32160,22501,69.9658,false,,,line_not_offered,homeCorners,Over_3_5|Over_3,false,línea exacta no entregada por bet365/bwin
2026-08-18,1607653,Sao Paulo vs Bolívar,CONMEBOL Sudamericana,2026-08-18T19:30:00-05:00,home_corners_under3_5,Sao Paulo — Córners a favor — Menos de 3.5,team,27.1204,93.75,180,64,35.5556,high,1,81.8048,100,18.1952,32160,9659,30.0342,false,,,line_not_offered,homeCorners,Under_3_5|Under_4,false,probabilidad < 70%
2026-08-18,1607653,Sao Paulo vs Bolívar,CONMEBOL Sudamericana,2026-08-18T19:30:00-05:00,home_corners_over4_5,Sao Paulo — Córners a favor — Más de 4.5,team,57.9548,93.75,180,86,47.7778,high,6,84.8847,100,15.1153,32160,17931,55.7556,false,,,line_not_offered,homeCorners,Over_4_5|Over_4,false,probabilidad < 70%
2026-08-18,1607653,Sao Paulo vs Bolívar,CONMEBOL Sudamericana,2026-08-18T19:30:00-05:00,home_corners_under4_5,Sao Paulo — Córners a favor — Menos de 4.5,team,42.0452,93.75,180,94,52.2222,high,8,82.7308,87.5,4.7692,32160,14229,44.2444,false,,,line_not_offered,homeCorners,Under_4_5|Under_5,false,probabilidad < 70%
2026-08-18,1607653,Sao Paulo vs Bolívar,CONMEBOL Sudamericana,2026-08-18T19:30:00-05:00,home_corners_over5_5,Sao Paulo — Córners a favor — Más de 5.5,team,43.8777,93.75,180,62,34.4444,high,0,,,,32160,13477,41.9061,false,,,line_not_offered,homeCorners,Over_5_5|Over_5,false,probabilidad < 70%
2026-08-18,1607653,Sao Paulo vs Bolívar,CONMEBOL Sudamericana,2026-08-18T19:30:00-05:00,home_corners_under5_5,Sao Paulo — Córners a favor — Menos de 5.5,team,56.1223,93.75,180,118,65.5556,high,39,85.0962,64.1026,20.9937,32160,18683,58.0939,false,,,line_not_offered,homeCorners,Under_5_5|Under_6,false,probabilidad < 70%
2026-08-18,1607653,Sao Paulo vs Bolívar,CONMEBOL Sudamericana,2026-08-18T19:30:00-05:00,home_corners_over6_5,Sao Paulo — Córners a favor — Más de 6.5,team,33.1134,93.75,180,44,24.4444,high,0,,,,32160,9681,30.1026,false,2,Bet365,offered,homeCorners,Over_6_5|Over_6,false,probabilidad < 70%
2026-08-18,1607653,Sao Paulo vs Bolívar,CONMEBOL Sudamericana,2026-08-18T19:30:00-05:00,home_corners_under6_5,Sao Paulo — Córners a favor — Menos de 6.5,team,66.8866,93.75,180,136,75.5556,high,95,86.9499,69.4737,17.4762,32160,22479,69.8974,false,1.73,Bet365,offered,homeCorners,Under_6_5|Under_7,false,probabilidad < 70%
2026-08-18,1607653,Sao Paulo vs Bolívar,CONMEBOL Sudamericana,2026-08-18T19:30:00-05:00,home_corners_over7_5,Sao Paulo — Córners a favor — Más de 7.5,team,20.3421,93.75,180,28,15.5556,high,0,,,,32160,6600,20.5224,false,,,line_not_offered,homeCorners,Over_7_5|Over_7,false,probabilidad < 70%
2026-08-18,1607653,Sao Paulo vs Bolívar,CONMEBOL Sudamericana,2026-08-18T19:30:00-05:00,home_corners_under7_5,Sao Paulo — Córners a favor — Menos de 7.5,team,79.6579,93.75,180,152,84.4444,high,151,88.7736,79.4702,9.3034,32160,25560,79.4776,false,,,line_not_offered,homeCorners,Under_7_5|Under_8,false,línea exacta no entregada por bet365/bwin
2026-08-18,1607653,Sao Paulo vs Bolívar,CONMEBOL Sudamericana,2026-08-18T19:30:00-05:00,home_corners_over8_5,Sao Paulo — Córners a favor — Más de 8.5,team,16.8776,93.75,180,16,8.8889,high,0,,,,32160,4400,13.6816,false,,,line_not_offered,homeCorners,Over_8_5|Over_8,false,probabilidad < 70%
2026-08-18,1607653,Sao Paulo vs Bolívar,CONMEBOL Sudamericana,2026-08-18T19:30:00-05:00,home_corners_under8_5,Sao Paulo — Córners a favor — Menos de 8.5,team,83.1224,93.75,180,164,91.1111,high,165,91.763,85.4545,6.3084,32160,27760,86.3184,false,,,line_not_offered,homeCorners,Under_8_5|Under_9,true,línea exacta no entregada por bet365/bwin
2026-08-18,1607653,Sao Paulo vs Bolívar,CONMEBOL Sudamericana,2026-08-18T19:30:00-05:00,home_corners_over9_5,Sao Paulo — Córners a favor — Más de 9.5,team,16.1497,93.75,180,13,7.2222,high,0,,,,32160,2793,8.6847,false,,,line_not_offered,homeCorners,Over_9_5|Over_9,false,probabilidad < 70%
2026-08-18,1607653,Sao Paulo vs Bolívar,CONMEBOL Sudamericana,2026-08-18T19:30:00-05:00,home_corners_under9_5,Sao Paulo — Córners a favor — Menos de 9.5,team,83.8503,93.75,180,167,92.7778,high,99,92.9602,92.9293,0.0309,32160,29367,91.3153,false,,,line_not_offered,homeCorners,Under_9_5|Under_10,true,línea exacta no entregada por bet365/bwin
2026-08-18,1607653,Sao Paulo vs Bolívar,CONMEBOL Sudamericana,2026-08-18T19:30:00-05:00,away_corners_over0_5,Bolívar — Córners a favor — Más de 0.5,team,95.2626,93.75,180,175,97.2222,elite95,202,98.6309,95.5446,3.0863,32160,30926,96.1629,false,,,line_not_offered,awayCorners,Over_0_5|Over_0,true,línea exacta no entregada por bet365/bwin
2026-08-18,1607653,Sao Paulo vs Bolívar,CONMEBOL Sudamericana,2026-08-18T19:30:00-05:00,away_corners_under0_5,Bolívar — Córners a favor — Menos de 0.5,team,4.7374,93.75,180,5,2.7778,high,0,,,,32160,1234,3.8371,false,,,line_not_offered,awayCorners,Under_0_5|Under_1,false,probabilidad < 70%
2026-08-18,1607653,Sao Paulo vs Bolívar,CONMEBOL Sudamericana,2026-08-18T19:30:00-05:00,away_corners_over1_5,Bolívar — Córners a favor — Más de 1.5,team,88.3532,93.75,180,163,90.5556,high,207,92.6493,84.058,8.5913,32160,27891,86.7257,false,,,line_not_offered,awayCorners,Over_1_5|Over_1,true,línea exacta no entregada por bet365/bwin
2026-08-18,1607653,Sao Paulo vs Bolívar,CONMEBOL Sudamericana,2026-08-18T19:30:00-05:00,away_corners_under1_5,Bolívar — Córners a favor — Menos de 1.5,team,11.6468,93.75,180,17,9.4444,high,0,,,,32160,4269,13.2743,false,,,line_not_offered,awayCorners,Under_1_5|Under_2,false,probabilidad < 70%
2026-08-18,1607653,Sao Paulo vs Bolívar,CONMEBOL Sudamericana,2026-08-18T19:30:00-05:00,away_corners_over2_5,Bolívar — Córners a favor — Más de 2.5,team,80.9392,93.75,180,146,81.1111,high,113,88.0534,70.7965,17.257,32160,23370,72.6679,false,,,line_not_offered,awayCorners,Over_2_5|Over_2,true,línea exacta no entregada por bet365/bwin
2026-08-18,1607653,Sao Paulo vs Bolívar,CONMEBOL Sudamericana,2026-08-18T19:30:00-05:00,away_corners_under2_5,Bolívar — Córners a favor — Menos de 2.5,team,19.0608,93.75,180,34,18.8889,high,0,,,,32160,8790,27.3321,false,,,line_not_offered,awayCorners,Under_2_5|Under_3,false,probabilidad < 70%
2026-08-18,1607653,Sao Paulo vs Bolívar,CONMEBOL Sudamericana,2026-08-18T19:30:00-05:00,away_corners_over3_5,Bolívar — Córners a favor — Más de 3.5,team,69.5587,93.75,180,126,70,high,48,85.8119,64.5833,21.2286,32160,18093,56.2593,false,1.83,Bet365,offered,awayCorners,Over_3_5|Over_3,false,probabilidad < 70%
2026-08-18,1607653,Sao Paulo vs Bolívar,CONMEBOL Sudamericana,2026-08-18T19:30:00-05:00,away_corners_under3_5,Bolívar — Córners a favor — Menos de 3.5,team,30.4413,93.75,180,54,30,high,1,82.2507,100,17.7493,32160,14067,43.7407,false,1.83,Bet365,offered,awayCorners,Under_3_5|Under_4,false,probabilidad < 70%
2026-08-18,1607653,Sao Paulo vs Bolívar,CONMEBOL Sudamericana,2026-08-18T19:30:00-05:00,away_corners_over4_5,Bolívar — Córners a favor — Más de 4.5,team,56.9046,93.75,180,93,51.6667,high,8,85.2353,75,10.2353,32160,13164,40.9328,false,,,line_not_offered,awayCorners,Over_4_5|Over_4,false,probabilidad < 70%
2026-08-18,1607653,Sao Paulo vs Bolívar,CONMEBOL Sudamericana,2026-08-18T19:30:00-05:00,away_corners_under4_5,Bolívar — Córners a favor — Menos de 4.5,team,43.0954,93.75,180,87,48.3333,high,5,83.2326,60,23.2326,32160,18996,59.0672,false,,,line_not_offered,awayCorners,Under_4_5|Under_5,false,probabilidad < 70%
2026-08-18,1607653,Sao Paulo vs Bolívar,CONMEBOL Sudamericana,2026-08-18T19:30:00-05:00,away_corners_over5_5,Bolívar — Córners a favor — Más de 5.5,team,48.9192,93.75,180,73,40.5556,high,1,99.9999,0,99.9999,32160,9131,28.3924,false,,,line_not_offered,awayCorners,Over_5_5|Over_5,false,probabilidad < 70%
2026-08-18,1607653,Sao Paulo vs Bolívar,CONMEBOL Sudamericana,2026-08-18T19:30:00-05:00,away_corners_under5_5,Bolívar — Córners a favor — Menos de 5.5,team,51.0808,93.75,180,107,59.4444,high,28,84.648,67.8571,16.7909,32160,23029,71.6076,false,,,line_not_offered,awayCorners,Under_5_5|Under_6,false,probabilidad < 70%
2026-08-18,1607653,Sao Paulo vs Bolívar,CONMEBOL Sudamericana,2026-08-18T19:30:00-05:00,away_corners_over6_5,Bolívar — Córners a favor — Más de 6.5,team,33.1874,93.75,180,52,28.8889,high,1,99.9999,0,99.9999,32160,5974,18.5759,false,,,line_not_offered,awayCorners,Over_6_5|Over_6,false,probabilidad < 70%
2026-08-18,1607653,Sao Paulo vs Bolívar,CONMEBOL Sudamericana,2026-08-18T19:30:00-05:00,away_corners_under6_5,Bolívar — Córners a favor — Menos de 6.5,team,66.8126,93.75,180,128,71.1111,high,70,86.835,82.8571,3.9779,32160,26186,81.4241,false,,,line_not_offered,awayCorners,Under_6_5|Under_7,false,probabilidad < 70%
2026-08-18,1607653,Sao Paulo vs Bolívar,CONMEBOL Sudamericana,2026-08-18T19:30:00-05:00,away_corners_over7_5,Bolívar — Córners a favor — Más de 7.5,team,20.6991,93.75,180,36,20,high,1,99.9999,0,99.9999,32160,3747,11.6511,false,,,line_not_offered,awayCorners,Over_7_5|Over_7,false,probabilidad < 70%
2026-08-18,1607653,Sao Paulo vs Bolívar,CONMEBOL Sudamericana,2026-08-18T19:30:00-05:00,away_corners_under7_5,Bolívar — Córners a favor — Menos de 7.5,team,79.3009,93.75,180,144,80,high,145,88.1603,86.2069,1.9534,32160,28413,88.3489,false,,,line_not_offered,awayCorners,Under_7_5|Under_8,false,línea exacta no entregada por bet365/bwin
2026-08-18,1607653,Sao Paulo vs Bolívar,CONMEBOL Sudamericana,2026-08-18T19:30:00-05:00,away_corners_over8_5,Bolívar — Córners a favor — Más de 8.5,team,13.1563,93.75,180,29,16.1111,high,0,,,,32160,2296,7.1393,false,,,line_not_offered,awayCorners,Over_8_5|Over_8,false,probabilidad < 70%
2026-08-18,1607653,Sao Paulo vs Bolívar,CONMEBOL Sudamericana,2026-08-18T19:30:00-05:00,away_corners_under8_5,Bolívar — Córners a favor — Menos de 8.5,team,86.8437,93.75,180,151,83.8889,high,169,91.1339,91.716,0.5821,32160,29864,92.8607,false,,,line_not_offered,awayCorners,Under_8_5|Under_9,true,línea exacta no entregada por bet365/bwin
2026-08-18,1607653,Sao Paulo vs Bolívar,CONMEBOL Sudamericana,2026-08-18T19:30:00-05:00,away_corners_over9_5,Bolívar — Córners a favor — Más de 9.5,team,4.0933,93.75,180,16,8.8889,high,0,,,,32160,1336,4.1542,false,,,line_not_offered,awayCorners,Over_9_5|Over_9,false,probabilidad < 70%
2026-08-18,1607653,Sao Paulo vs Bolívar,CONMEBOL Sudamericana,2026-08-18T19:30:00-05:00,away_corners_under9_5,Bolívar — Córners a favor — Menos de 9.5,team,95.9067,93.75,180,164,91.1111,elite95,56,96.5309,91.0714,5.4594,32160,30824,95.8458,false,,,line_not_offered,awayCorners,Under_9_5|Under_10,true,línea exacta no entregada por bet365/bwin
2026-08-18,1607653,Sao Paulo vs Bolívar,CONMEBOL Sudamericana,2026-08-18T19:30:00-05:00,total_cards_over0_5,Total partido — Tarjetas — Más de 0.5,team,99.2042,93.75,180,177,98.3333,elite95,196,98.4343,93.8776,4.5567,32800,31668,96.5488,false,,,line_not_offered,cards,Over_0_5|Over_0,true,línea exacta no entregada por bet365/bwin
2026-08-18,1607653,Sao Paulo vs Bolívar,CONMEBOL Sudamericana,2026-08-18T19:30:00-05:00,total_cards_under0_5,Total partido — Tarjetas — Menos de 0.5,team,0.7958,93.75,180,3,1.6667,high,0,,,,32800,1132,3.4512,false,,,line_not_offered,cards,Under_0_5|Under_1,false,probabilidad < 70%
2026-08-18,1607653,Sao Paulo vs Bolívar,CONMEBOL Sudamericana,2026-08-18T19:30:00-05:00,total_cards_over1_5,Total partido — Tarjetas — Más de 1.5,team,98.0977,93.75,180,173,96.1111,elite95,73,97.146,91.7808,5.3651,32800,29325,89.4055,false,,,line_not_offered,cards,Over_1_5|Over_1,true,línea exacta no entregada por bet365/bwin
2026-08-18,1607653,Sao Paulo vs Bolívar,CONMEBOL Sudamericana,2026-08-18T19:30:00-05:00,total_cards_under1_5,Total partido — Tarjetas — Menos de 1.5,team,1.9023,93.75,180,7,3.8889,high,0,,,,32800,3475,10.5945,false,,,line_not_offered,cards,Under_1_5|Under_2,false,probabilidad < 70%
2026-08-18,1607653,Sao Paulo vs Bolívar,CONMEBOL Sudamericana,2026-08-18T19:30:00-05:00,total_cards_over2_5,Total partido — Tarjetas — Más de 2.5,team,87.1904,93.75,180,163,90.5556,high,111,87.7993,74.7748,13.0245,32800,25241,76.9543,false,,,line_not_offered,cards,Over_2_5|Over_2,true,línea exacta no entregada por bet365/bwin
2026-08-18,1607653,Sao Paulo vs Bolívar,CONMEBOL Sudamericana,2026-08-18T19:30:00-05:00,total_cards_under2_5,Total partido — Tarjetas — Menos de 2.5,team,12.8096,93.75,180,17,9.4444,high,0,,,,32800,7559,23.0457,false,,,line_not_offered,cards,Under_2_5|Under_3,false,probabilidad < 70%
2026-08-18,1607653,Sao Paulo vs Bolívar,CONMEBOL Sudamericana,2026-08-18T19:30:00-05:00,total_cards_over3_5,Total partido — Tarjetas — Más de 3.5,team,66.1483,93.75,180,137,76.1111,high,25,85.2252,64,21.2252,32800,19999,60.9726,false,,,line_not_offered,cards,Over_3_5|Over_3,false,probabilidad < 70%
2026-08-18,1607653,Sao Paulo vs Bolívar,CONMEBOL Sudamericana,2026-08-18T19:30:00-05:00,total_cards_under3_5,Total partido — Tarjetas — Menos de 3.5,team,33.8517,93.75,180,43,23.8889,high,6,84.1484,100,15.8516,32800,12801,39.0274,false,,,line_not_offered,cards,Under_3_5|Under_4,false,probabilidad < 70%
2026-08-18,1607653,Sao Paulo vs Bolívar,CONMEBOL Sudamericana,2026-08-18T19:30:00-05:00,total_cards_over4_5,Total partido — Tarjetas — Más de 4.5,team,49.3923,93.75,180,106,58.8889,high,4,81.6906,25,56.6905,32800,14476,44.1341,false,,,line_not_offered,cards,Over_4_5|Over_4,false,probabilidad < 70%
2026-08-18,1607653,Sao Paulo vs Bolívar,CONMEBOL Sudamericana,2026-08-18T19:30:00-05:00,total_cards_under4_5,Total partido — Tarjetas — Menos de 4.5,team,50.6077,93.75,180,74,41.1111,high,25,87.0946,76,11.0946,32800,18324,55.8659,false,,,line_not_offered,cards,Under_4_5|Under_5,false,probabilidad < 70%
2026-08-18,1607653,Sao Paulo vs Bolívar,CONMEBOL Sudamericana,2026-08-18T19:30:00-05:00,total_cards_over5_5,Total partido — Tarjetas — Más de 5.5,team,41.1109,93.75,180,85,47.2222,high,0,,,,32800,9608,29.2927,false,1.83,Bet365,offered,cards,Over_5_5|Over_5,false,probabilidad < 70%
2026-08-18,1607653,Sao Paulo vs Bolívar,CONMEBOL Sudamericana,2026-08-18T19:30:00-05:00,total_cards_under5_5,Total partido — Tarjetas — Menos de 5.5,team,58.8891,93.75,180,95,52.7778,high,75,87.2798,80,7.2798,32800,23192,70.7073,false,1.83,Bet365,offered,cards,Under_5_5|Under_6,false,probabilidad < 70%
2026-08-18,1607653,Sao Paulo vs Bolívar,CONMEBOL Sudamericana,2026-08-18T19:30:00-05:00,total_cards_over6_5,Total partido — Tarjetas — Más de 6.5,team,31.1294,93.75,180,58,32.2222,high,0,,,,32800,5922,18.0549,false,,,line_not_offered,cards,Over_6_5|Over_6,false,probabilidad < 70%
2026-08-18,1607653,Sao Paulo vs Bolívar,CONMEBOL Sudamericana,2026-08-18T19:30:00-05:00,total_cards_under6_5,Total partido — Tarjetas — Menos de 6.5,team,68.8706,93.75,180,122,67.7778,high,130,90.1372,92.3077,2.1705,32800,26878,81.9451,false,,,line_not_offered,cards,Under_6_5|Under_7,false,probabilidad < 70%
2026-08-18,1607653,Sao Paulo vs Bolívar,CONMEBOL Sudamericana,2026-08-18T19:30:00-05:00,total_cards_over7_5,Total partido — Tarjetas — Más de 7.5,team,14.2624,93.75,180,39,21.6667,high,0,,,,32800,3401,10.3689,false,,,line_not_offered,cards,Over_7_5|Over_7,false,probabilidad < 70%
2026-08-18,1607653,Sao Paulo vs Bolívar,CONMEBOL Sudamericana,2026-08-18T19:30:00-05:00,total_cards_under7_5,Total partido — Tarjetas — Menos de 7.5,team,85.7376,93.75,180,141,78.3333,high,154,90.6754,92.8571,2.1817,32800,29399,89.6311,false,,,line_not_offered,cards,Under_7_5|Under_8,true,línea exacta no entregada por bet365/bwin
2026-08-18,1607653,Sao Paulo vs Bolívar,CONMEBOL Sudamericana,2026-08-18T19:30:00-05:00,total_cards_over8_5,Total partido — Tarjetas — Más de 8.5,team,6.3223,93.75,180,22,12.2222,high,0,,,,32800,1874,5.7134,false,,,line_not_offered,cards,Over_8_5|Over_8,false,probabilidad < 70%
2026-08-18,1607653,Sao Paulo vs Bolívar,CONMEBOL Sudamericana,2026-08-18T19:30:00-05:00,total_cards_under8_5,Total partido — Tarjetas — Menos de 8.5,team,93.6777,93.75,180,158,87.7778,daily90,87,94.4758,96.5517,2.0759,32800,30926,94.2866,false,,,line_not_offered,cards,Under_8_5|Under_9,true,línea exacta no entregada por bet365/bwin
2026-08-18,1607653,Sao Paulo vs Bolívar,CONMEBOL Sudamericana,2026-08-18T19:30:00-05:00,total_cards_over9_5,Total partido — Tarjetas — Más de 9.5,team,3.8964,93.75,180,14,7.7778,high,0,,,,32800,985,3.003,false,,,line_not_offered,cards,Over_9_5|Over_9,false,probabilidad < 70%
2026-08-18,1607653,Sao Paulo vs Bolívar,CONMEBOL Sudamericana,2026-08-18T19:30:00-05:00,total_cards_under9_5,Total partido — Tarjetas — Menos de 9.5,team,96.1036,93.75,180,166,92.2222,elite95,24,96.6806,100,3.3194,32800,31815,96.997,false,,,line_not_offered,cards,Under_9_5|Under_10,true,línea exacta no entregada por bet365/bwin
2026-08-18,1607653,Sao Paulo vs Bolívar,CONMEBOL Sudamericana,2026-08-18T19:30:00-05:00,home_cards_over0_5,Sao Paulo — Tarjetas recibidas — Más de 0.5,team,92.8257,93.75,180,166,92.2222,daily90,124,94.3375,86.2903,8.0472,32800,28027,85.4482,false,,,line_not_offered,homeCards,Over_0_5|Over_0,true,línea exacta no entregada por bet365/bwin
2026-08-18,1607653,Sao Paulo vs Bolívar,CONMEBOL Sudamericana,2026-08-18T19:30:00-05:00,home_cards_under0_5,Sao Paulo — Tarjetas recibidas — Menos de 0.5,team,7.1743,93.75,180,14,7.7778,high,0,,,,32800,4773,14.5518,false,,,line_not_offered,homeCards,Under_0_5|Under_1,false,probabilidad < 70%
2026-08-18,1607653,Sao Paulo vs Bolívar,CONMEBOL Sudamericana,2026-08-18T19:30:00-05:00,home_cards_over1_5,Sao Paulo — Tarjetas recibidas — Más de 1.5,team,76.5911,93.75,180,140,77.7778,high,26,84.9165,42.3077,42.6088,32800,19510,59.4817,false,,,line_not_offered,homeCards,Over_1_5|Over_1,false,línea exacta no entregada por bet365/bwin
2026-08-18,1607653,Sao Paulo vs Bolívar,CONMEBOL Sudamericana,2026-08-18T19:30:00-05:00,home_cards_under1_5,Sao Paulo — Tarjetas recibidas — Menos de 1.5,team,23.4089,93.75,180,40,22.2222,high,4,82.7012,100,17.2988,32800,13290,40.5183,false,,,line_not_offered,homeCards,Under_1_5|Under_2,false,probabilidad < 70%
2026-08-18,1607653,Sao Paulo vs Bolívar,CONMEBOL Sudamericana,2026-08-18T19:30:00-05:00,home_cards_over2_5,Sao Paulo — Tarjetas recibidas — Más de 2.5,team,47.3041,93.75,180,91,50.5556,high,0,,,,32800,10957,33.4055,false,2.1,Bet365,offered,homeCards,Over_2_5|Over_2,false,probabilidad < 70%
2026-08-18,1607653,Sao Paulo vs Bolívar,CONMEBOL Sudamericana,2026-08-18T19:30:00-05:00,home_cards_under2_5,Sao Paulo — Tarjetas recibidas — Menos de 2.5,team,52.6959,93.75,180,89,49.4444,high,37,86.6199,81.0811,5.5388,32800,21843,66.5945,false,1.67,Bet365,offered,homeCards,Under_2_5|Under_3,false,probabilidad < 70%
2026-08-18,1607653,Sao Paulo vs Bolívar,CONMEBOL Sudamericana,2026-08-18T19:30:00-05:00,home_cards_over3_5,Sao Paulo — Tarjetas recibidas — Más de 3.5,team,26.0694,93.75,180,52,28.8889,high,0,,,,32800,5226,15.9329,false,,,line_not_offered,homeCards,Over_3_5|Over_3,false,probabilidad < 70%
2026-08-18,1607653,Sao Paulo vs Bolívar,CONMEBOL Sudamericana,2026-08-18T19:30:00-05:00,home_cards_under3_5,Sao Paulo — Tarjetas recibidas — Menos de 3.5,team,73.9306,93.75,180,128,71.1111,high,123,89.5798,93.4959,3.9162,32800,27574,84.0671,false,,,line_not_offered,homeCards,Under_3_5|Under_4,false,línea exacta no entregada por bet365/bwin
2026-08-18,1607653,Sao Paulo vs Bolívar,CONMEBOL Sudamericana,2026-08-18T19:30:00-05:00,home_cards_over4_5,Sao Paulo — Tarjetas recibidas — Más de 4.5,team,13.6359,93.75,180,28,15.5556,high,0,,,,32800,2151,6.5579,false,,,line_not_offered,homeCards,Over_4_5|Over_4,false,probabilidad < 70%
2026-08-18,1607653,Sao Paulo vs Bolívar,CONMEBOL Sudamericana,2026-08-18T19:30:00-05:00,home_cards_under4_5,Sao Paulo — Tarjetas recibidas — Menos de 4.5,team,86.3641,93.75,180,152,84.4444,high,146,91.6486,97.9452,6.2966,32800,30649,93.4421,false,,,line_not_offered,homeCards,Under_4_5|Under_5,true,línea exacta no entregada por bet365/bwin
2026-08-18,1607653,Sao Paulo vs Bolívar,CONMEBOL Sudamericana,2026-08-18T19:30:00-05:00,home_cards_over5_5,Sao Paulo — Tarjetas recibidas — Más de 5.5,team,3.3431,93.75,180,12,6.6667,high,0,,,,32800,779,2.375,false,,,line_not_offered,homeCards,Over_5_5|Over_5,false,probabilidad < 70%
2026-08-18,1607653,Sao Paulo vs Bolívar,CONMEBOL Sudamericana,2026-08-18T19:30:00-05:00,home_cards_under5_5,Sao Paulo — Tarjetas recibidas — Menos de 5.5,team,96.6569,93.75,180,168,93.3333,elite95,27,96.801,100,3.199,32800,32021,97.625,false,,,line_not_offered,homeCards,Under_5_5|Under_6,true,línea exacta no entregada por bet365/bwin
2026-08-18,1607653,Sao Paulo vs Bolívar,CONMEBOL Sudamericana,2026-08-18T19:30:00-05:00,away_cards_over0_5,Bolívar — Tarjetas recibidas — Más de 0.5,team,88.668,93.75,180,168,93.3333,high,182,91.1775,84.6154,6.5621,32800,29279,89.2652,false,,,line_not_offered,awayCards,Over_0_5|Over_0,true,línea exacta no entregada por bet365/bwin
2026-08-18,1607653,Sao Paulo vs Bolívar,CONMEBOL Sudamericana,2026-08-18T19:30:00-05:00,away_cards_under0_5,Bolívar — Tarjetas recibidas — Menos de 0.5,team,11.332,93.75,180,12,6.6667,high,0,,,,32800,3521,10.7348,false,,,line_not_offered,awayCards,Under_0_5|Under_1,false,probabilidad < 70%
2026-08-18,1607653,Sao Paulo vs Bolívar,CONMEBOL Sudamericana,2026-08-18T19:30:00-05:00,away_cards_over1_5,Bolívar — Tarjetas recibidas — Más de 1.5,team,72.2954,93.75,180,144,80,high,26,85.8867,73.0769,12.8098,32800,21824,66.5366,false,,,line_not_offered,awayCards,Over_1_5|Over_1,false,línea exacta no entregada por bet365/bwin
2026-08-18,1607653,Sao Paulo vs Bolívar,CONMEBOL Sudamericana,2026-08-18T19:30:00-05:00,away_cards_under1_5,Bolívar — Tarjetas recibidas — Menos de 1.5,team,27.7046,93.75,180,36,20,high,7,85.0959,85.7143,0.6184,32800,10976,33.4634,false,,,line_not_offered,awayCards,Under_1_5|Under_2,false,probabilidad < 70%
2026-08-18,1607653,Sao Paulo vs Bolívar,CONMEBOL Sudamericana,2026-08-18T19:30:00-05:00,away_cards_over2_5,Bolívar — Tarjetas recibidas — Más de 2.5,team,39.762,93.75,180,89,49.4444,high,0,,,,32800,13353,40.7104,false,1.62,Bet365,offered,awayCards,Over_2_5|Over_2,false,probabilidad < 70%
2026-08-18,1607653,Sao Paulo vs Bolívar,CONMEBOL Sudamericana,2026-08-18T19:30:00-05:00,away_cards_under2_5,Bolívar — Tarjetas recibidas — Menos de 2.5,team,60.238,93.75,180,91,50.5556,high,44,86.5876,81.8182,4.7694,32800,19447,59.2896,false,2.2,Bet365,offered,awayCards,Under_2_5|Under_3,false,probabilidad < 70%
2026-08-18,1607653,Sao Paulo vs Bolívar,CONMEBOL Sudamericana,2026-08-18T19:30:00-05:00,away_cards_over3_5,Bolívar — Tarjetas recibidas — Más de 3.5,team,23.8459,93.75,180,52,28.8889,high,0,,,,32800,6836,20.8415,false,,,line_not_offered,awayCards,Over_3_5|Over_3,false,probabilidad < 70%
2026-08-18,1607653,Sao Paulo vs Bolívar,CONMEBOL Sudamericana,2026-08-18T19:30:00-05:00,away_cards_under3_5,Bolívar — Tarjetas recibidas — Menos de 3.5,team,76.1541,93.75,180,128,71.1111,high,136,89.1821,84.5588,4.6233,32800,25964,79.1585,false,,,line_not_offered,awayCards,Under_3_5|Under_4,false,línea exacta no entregada por bet365/bwin
2026-08-18,1607653,Sao Paulo vs Bolívar,CONMEBOL Sudamericana,2026-08-18T19:30:00-05:00,away_cards_over4_5,Bolívar — Tarjetas recibidas — Más de 4.5,team,10.6087,93.75,180,26,14.4444,high,0,,,,32800,3068,9.3537,false,,,line_not_offered,awayCards,Over_4_5|Over_4,false,probabilidad < 70%
2026-08-18,1607653,Sao Paulo vs Bolívar,CONMEBOL Sudamericana,2026-08-18T19:30:00-05:00,away_cards_under4_5,Bolívar — Tarjetas recibidas — Menos de 4.5,team,89.3913,93.75,180,154,85.5556,high,154,91.7861,92.2078,0.4217,32800,29732,90.6463,false,,,line_not_offered,awayCards,Under_4_5|Under_5,true,línea exacta no entregada por bet365/bwin
2026-08-18,1607653,Sao Paulo vs Bolívar,CONMEBOL Sudamericana,2026-08-18T19:30:00-05:00,total_shots_over0_5,Total partido — Remates totales — Más de 0.5,team,100,93.75,180,180,100,elite95,211,99.9427,99.5261,0.4167,31961,31913,99.8498,false,,,line_not_offered,shots,Over_0_5|Over_0,true,línea exacta no entregada por bet365/bwin
2026-08-18,1607653,Sao Paulo vs Bolívar,CONMEBOL Sudamericana,2026-08-18T19:30:00-05:00,total_shots_under0_5,Total partido — Remates totales — Menos de 0.5,team,0,93.75,180,0,0,high,0,,,,31961,48,0.1502,false,,,line_not_offered,shots,Under_0_5|Under_1,false,probabilidad < 70%
2026-08-18,1607653,Sao Paulo vs Bolívar,CONMEBOL Sudamericana,2026-08-18T19:30:00-05:00,total_shots_over1_5,Total partido — Remates totales — Más de 1.5,team,100,93.75,180,180,100,elite95,211,99.9331,99.0521,0.881,31961,31893,99.7872,false,,,line_not_offered,shots,Over_1_5|Over_1,true,línea exacta no entregada por bet365/bwin
2026-08-18,1607653,Sao Paulo vs Bolívar,CONMEBOL Sudamericana,2026-08-18T19:30:00-05:00,total_shots_under1_5,Total partido — Remates totales — Menos de 1.5,team,0,93.75,180,0,0,high,0,,,,31961,68,0.2128,false,,,line_not_offered,shots,Under_1_5|Under_2,false,probabilidad < 70%
2026-08-18,1607653,Sao Paulo vs Bolívar,CONMEBOL Sudamericana,2026-08-18T19:30:00-05:00,total_shots_over2_5,Total partido — Remates totales — Más de 2.5,team,100,93.75,180,180,100,elite95,211,99.9022,99.0521,0.85,31961,31862,99.6902,false,,,line_not_offered,shots,Over_2_5|Over_2,true,línea exacta no entregada por bet365/bwin
2026-08-18,1607653,Sao Paulo vs Bolívar,CONMEBOL Sudamericana,2026-08-18T19:30:00-05:00,total_shots_under2_5,Total partido — Remates totales — Menos de 2.5,team,0,93.75,180,0,0,high,0,,,,31961,99,0.3098,false,,,line_not_offered,shots,Under_2_5|Under_3,false,probabilidad < 70%
2026-08-18,1607653,Sao Paulo vs Bolívar,CONMEBOL Sudamericana,2026-08-18T19:30:00-05:00,total_shots_over3_5,Total partido — Remates totales — Más de 3.5,team,100,93.75,180,180,100,elite95,211,99.8764,99.0521,0.8243,31961,31838,99.6152,false,,,line_not_offered,shots,Over_3_5|Over_3,true,línea exacta no entregada por bet365/bwin
2026-08-18,1607653,Sao Paulo vs Bolívar,CONMEBOL Sudamericana,2026-08-18T19:30:00-05:00,total_shots_under3_5,Total partido — Remates totales — Menos de 3.5,team,0,93.75,180,0,0,high,0,,,,31961,123,0.3848,false,,,line_not_offered,shots,Under_3_5|Under_4,false,probabilidad < 70%
2026-08-18,1607653,Sao Paulo vs Bolívar,CONMEBOL Sudamericana,2026-08-18T19:30:00-05:00,total_shots_over4_5,Total partido — Remates totales — Más de 4.5,team,100,93.75,180,180,100,elite95,210,99.8825,99.0476,0.8349,31961,31821,99.562,false,,,line_not_offered,shots,Over_4_5|Over_4,true,línea exacta no entregada por bet365/bwin
2026-08-18,1607653,Sao Paulo vs Bolívar,CONMEBOL Sudamericana,2026-08-18T19:30:00-05:00,total_shots_under4_5,Total partido — Remates totales — Menos de 4.5,team,0,93.75,180,0,0,high,0,,,,31961,140,0.438,false,,,line_not_offered,shots,Under_4_5|Under_5,false,probabilidad < 70%
2026-08-18,1607653,Sao Paulo vs Bolívar,CONMEBOL Sudamericana,2026-08-18T19:30:00-05:00,total_shots_over5_5,Total partido — Remates totales — Más de 5.5,team,100,93.75,180,180,100,elite95,208,99.9026,99.0385,0.8641,31961,31808,99.5213,false,,,line_not_offered,shots,Over_5_5|Over_5,true,línea exacta no entregada por bet365/bwin
2026-08-18,1607653,Sao Paulo vs Bolívar,CONMEBOL Sudamericana,2026-08-18T19:30:00-05:00,total_shots_under5_5,Total partido — Remates totales — Menos de 5.5,team,0,93.75,180,0,0,high,0,,,,31961,153,0.4787,false,,,line_not_offered,shots,Under_5_5|Under_6,false,probabilidad < 70%
2026-08-18,1607653,Sao Paulo vs Bolívar,CONMEBOL Sudamericana,2026-08-18T19:30:00-05:00,total_shots_over6_5,Total partido — Remates totales — Más de 6.5,team,100,93.75,180,180,100,elite95,208,99.8865,99.0385,0.848,31961,31793,99.4744,false,,,line_not_offered,shots,Over_6_5|Over_6,true,línea exacta no entregada por bet365/bwin
2026-08-18,1607653,Sao Paulo vs Bolívar,CONMEBOL Sudamericana,2026-08-18T19:30:00-05:00,total_shots_under6_5,Total partido — Remates totales — Menos de 6.5,team,0,93.75,180,0,0,high,0,,,,31961,168,0.5256,false,,,line_not_offered,shots,Under_6_5|Under_7,false,probabilidad < 70%
2026-08-18,1607653,Sao Paulo vs Bolívar,CONMEBOL Sudamericana,2026-08-18T19:30:00-05:00,total_shots_over7_5,Total partido — Remates totales — Más de 7.5,team,100,93.75,180,180,100,elite95,208,99.875,99.0385,0.8366,31961,31777,99.4243,false,,,line_not_offered,shots,Over_7_5|Over_7,true,línea exacta no entregada por bet365/bwin
2026-08-18,1607653,Sao Paulo vs Bolívar,CONMEBOL Sudamericana,2026-08-18T19:30:00-05:00,total_shots_under7_5,Total partido — Remates totales — Menos de 7.5,team,0,93.75,180,0,0,high,0,,,,31961,184,0.5757,false,,,line_not_offered,shots,Under_7_5|Under_8,false,probabilidad < 70%
2026-08-18,1607653,Sao Paulo vs Bolívar,CONMEBOL Sudamericana,2026-08-18T19:30:00-05:00,total_shots_over8_5,Total partido — Remates totales — Más de 8.5,team,99.6894,93.75,180,179,99.4444,elite95,208,99.8567,99.0385,0.8183,31961,31754,99.3523,false,,,line_not_offered,shots,Over_8_5|Over_8,true,línea exacta no entregada por bet365/bwin
2026-08-18,1607653,Sao Paulo vs Bolívar,CONMEBOL Sudamericana,2026-08-18T19:30:00-05:00,total_shots_under8_5,Total partido — Remates totales — Menos de 8.5,team,0.3106,93.75,180,1,0.5556,high,0,,,,31961,207,0.6477,false,,,line_not_offered,shots,Under_8_5|Under_9,false,probabilidad < 70%
2026-08-18,1607653,Sao Paulo vs Bolívar,CONMEBOL Sudamericana,2026-08-18T19:30:00-05:00,total_shots_over9_5,Total partido — Remates totales — Más de 9.5,team,99.6894,93.75,180,179,99.4444,elite95,208,99.8028,98.5577,1.2451,31961,31717,99.2366,false,,,line_not_offered,shots,Over_9_5|Over_9,true,línea exacta no entregada por bet365/bwin
2026-08-18,1607653,Sao Paulo vs Bolívar,CONMEBOL Sudamericana,2026-08-18T19:30:00-05:00,total_shots_under9_5,Total partido — Remates totales — Menos de 9.5,team,0.3106,93.75,180,1,0.5556,high,0,,,,31961,244,0.7634,false,,,line_not_offered,shots,Under_9_5|Under_10,false,probabilidad < 70%
2026-08-18,1607653,Sao Paulo vs Bolívar,CONMEBOL Sudamericana,2026-08-18T19:30:00-05:00,total_shots_over10_5,Total partido — Remates totales — Más de 10.5,team,99.6894,93.75,180,179,99.4444,elite95,208,99.7435,98.0769,1.6666,31961,31653,99.0363,false,,,line_not_offered,shots,Over_10_5|Over_10,true,línea exacta no entregada por bet365/bwin
2026-08-18,1607653,Sao Paulo vs Bolívar,CONMEBOL Sudamericana,2026-08-18T19:30:00-05:00,total_shots_under10_5,Total partido — Remates totales — Menos de 10.5,team,0.3106,93.75,180,1,0.5556,high,0,,,,31961,308,0.9637,false,,,line_not_offered,shots,Under_10_5|Under_11,false,probabilidad < 70%
2026-08-18,1607653,Sao Paulo vs Bolívar,CONMEBOL Sudamericana,2026-08-18T19:30:00-05:00,total_shots_over11_5,Total partido — Remates totales — Más de 11.5,team,99.6894,93.75,180,179,99.4444,elite95,207,99.6439,98.0676,1.5762,31961,31557,98.736,false,,,line_not_offered,shots,Over_11_5|Over_11,true,línea exacta no entregada por bet365/bwin
2026-08-18,1607653,Sao Paulo vs Bolívar,CONMEBOL Sudamericana,2026-08-18T19:30:00-05:00,total_shots_under11_5,Total partido — Remates totales — Menos de 11.5,team,0.3106,93.75,180,1,0.5556,high,0,,,,31961,404,1.264,false,,,line_not_offered,shots,Under_11_5|Under_12,false,probabilidad < 70%
2026-08-18,1607653,Sao Paulo vs Bolívar,CONMEBOL Sudamericana,2026-08-18T19:30:00-05:00,total_shots_over12_5,Total partido — Remates totales — Más de 12.5,team,99.3788,93.75,180,178,98.8889,elite95,203,99.3893,98.5222,0.8671,31961,31383,98.1915,false,,,line_not_offered,shots,Over_12_5|Over_12,true,línea exacta no entregada por bet365/bwin
2026-08-18,1607653,Sao Paulo vs Bolívar,CONMEBOL Sudamericana,2026-08-18T19:30:00-05:00,total_shots_under12_5,Total partido — Remates totales — Menos de 12.5,team,0.6212,93.75,180,2,1.1111,high,0,,,,31961,578,1.8085,false,,,line_not_offered,shots,Under_12_5|Under_13,false,probabilidad < 70%
2026-08-18,1607653,Sao Paulo vs Bolívar,CONMEBOL Sudamericana,2026-08-18T19:30:00-05:00,total_shots_over13_5,Total partido — Remates totales — Más de 13.5,team,99.3788,93.75,180,178,98.8889,elite95,201,99.0369,97.0149,2.022,31961,31151,97.4657,false,,,line_not_offered,shots,Over_13_5|Over_13,true,línea exacta no entregada por bet365/bwin
2026-08-18,1607653,Sao Paulo vs Bolívar,CONMEBOL Sudamericana,2026-08-18T19:30:00-05:00,total_shots_under13_5,Total partido — Remates totales — Menos de 13.5,team,0.6212,93.75,180,2,1.1111,high,0,,,,31961,810,2.5343,false,,,line_not_offered,shots,Under_13_5|Under_14,false,probabilidad < 70%
2026-08-18,1607653,Sao Paulo vs Bolívar,CONMEBOL Sudamericana,2026-08-18T19:30:00-05:00,total_shots_over14_5,Total partido — Remates totales — Más de 14.5,team,98.7484,93.75,180,176,97.7778,elite95,189,98.5462,97.8836,0.6626,31961,30743,96.1891,false,,,line_not_offered,shots,Over_14_5|Over_14,true,línea exacta no entregada por bet365/bwin
2026-08-18,1607653,Sao Paulo vs Bolívar,CONMEBOL Sudamericana,2026-08-18T19:30:00-05:00,total_shots_under14_5,Total partido — Remates totales — Menos de 14.5,team,1.2516,93.75,180,4,2.2222,high,0,,,,31961,1218,3.8109,false,,,line_not_offered,shots,Under_14_5|Under_15,false,probabilidad < 70%
2026-08-18,1607653,Sao Paulo vs Bolívar,CONMEBOL Sudamericana,2026-08-18T19:30:00-05:00,total_shots_over15_5,Total partido — Remates totales — Más de 15.5,team,98.7484,93.75,180,176,97.7778,elite95,166,98.121,99.3976,1.2766,31961,30176,94.4151,false,,,line_not_offered,shots,Over_15_5|Over_15,true,línea exacta no entregada por bet365/bwin
2026-08-18,1607653,Sao Paulo vs Bolívar,CONMEBOL Sudamericana,2026-08-18T19:30:00-05:00,total_shots_under15_5,Total partido — Remates totales — Menos de 15.5,team,1.2516,93.75,180,4,2.2222,high,0,,,,31961,1785,5.5849,false,,,line_not_offered,shots,Under_15_5|Under_16,false,probabilidad < 70%
2026-08-18,1607653,Sao Paulo vs Bolívar,CONMEBOL Sudamericana,2026-08-18T19:30:00-05:00,total_shots_over16_5,Total partido — Remates totales — Más de 16.5,team,97.9453,93.75,180,173,96.1111,elite95,131,97.8331,100,2.1669,31961,29395,91.9715,false,,,line_not_offered,shots,Over_16_5|Over_16,true,línea exacta no entregada por bet365/bwin
2026-08-18,1607653,Sao Paulo vs Bolívar,CONMEBOL Sudamericana,2026-08-18T19:30:00-05:00,total_shots_under16_5,Total partido — Remates totales — Menos de 16.5,team,2.0547,93.75,180,7,3.8889,high,0,,,,31961,2566,8.0285,false,,,line_not_offered,shots,Under_16_5|Under_17,false,probabilidad < 70%
2026-08-18,1607653,Sao Paulo vs Bolívar,CONMEBOL Sudamericana,2026-08-18T19:30:00-05:00,total_shots_over17_5,Total partido — Remates totales — Más de 17.5,team,97.9453,93.75,180,173,96.1111,elite95,89,97.4682,97.7528,0.2846,31961,28417,88.9115,false,,,line_not_offered,shots,Over_17_5|Over_17,true,línea exacta no entregada por bet365/bwin
2026-08-18,1607653,Sao Paulo vs Bolívar,CONMEBOL Sudamericana,2026-08-18T19:30:00-05:00,total_shots_under17_5,Total partido — Remates totales — Menos de 17.5,team,2.0547,93.75,180,7,3.8889,high,0,,,,31961,3544,11.0885,false,,,line_not_offered,shots,Under_17_5|Under_18,false,probabilidad < 70%
2026-08-18,1607653,Sao Paulo vs Bolívar,CONMEBOL Sudamericana,2026-08-18T19:30:00-05:00,total_shots_over18_5,Total partido — Remates totales — Más de 18.5,team,94.3929,93.75,180,169,93.8889,daily90,116,94.7367,92.2414,2.4954,31961,27184,85.0537,false,,,line_not_offered,shots,Over_18_5|Over_18,true,línea exacta no entregada por bet365/bwin
2026-08-18,1607653,Sao Paulo vs Bolívar,CONMEBOL Sudamericana,2026-08-18T19:30:00-05:00,total_shots_under18_5,Total partido — Remates totales — Menos de 18.5,team,5.6071,93.75,180,11,6.1111,high,0,,,,31961,4777,14.9463,false,,,line_not_offered,shots,Under_18_5|Under_19,false,probabilidad < 70%
2026-08-18,1607653,Sao Paulo vs Bolívar,CONMEBOL Sudamericana,2026-08-18T19:30:00-05:00,total_shots_over19_5,Total partido — Remates totales — Más de 19.5,team,92.3454,93.75,180,162,90,daily90,81,94.1879,92.5926,1.5953,31961,25724,80.4856,false,,,line_not_offered,shots,Over_19_5|Over_19,true,línea exacta no entregada por bet365/bwin
2026-08-18,1607653,Sao Paulo vs Bolívar,CONMEBOL Sudamericana,2026-08-18T19:30:00-05:00,total_shots_under19_5,Total partido — Remates totales — Menos de 19.5,team,7.6546,93.75,180,18,10,high,0,,,,31961,6237,19.5144,false,,,line_not_offered,shots,Under_19_5|Under_20,false,probabilidad < 70%
2026-08-18,1607653,Sao Paulo vs Bolívar,CONMEBOL Sudamericana,2026-08-18T19:30:00-05:00,total_shots_over20_5,Total partido — Remates totales — Más de 20.5,team,88.8023,93.75,180,158,87.7778,high,117,88.5263,88.0342,0.4921,31961,24102,75.4107,false,,,line_not_offered,shots,Over_20_5|Over_20,true,línea exacta no entregada por bet365/bwin
2026-08-18,1607653,Sao Paulo vs Bolívar,CONMEBOL Sudamericana,2026-08-18T19:30:00-05:00,total_shots_under20_5,Total partido — Remates totales — Menos de 20.5,team,11.1977,93.75,180,22,12.2222,high,0,,,,31961,7859,24.5893,false,,,line_not_offered,shots,Under_20_5|Under_21,false,probabilidad < 70%
2026-08-18,1607653,Sao Paulo vs Bolívar,CONMEBOL Sudamericana,2026-08-18T19:30:00-05:00,total_shots_over21_5,Total partido — Remates totales — Más de 21.5,team,86.0896,93.75,180,148,82.2222,high,84,87.3816,86.9048,0.4768,31961,22251,69.6192,false,,,line_not_offered,shots,Over_21_5|Over_21,true,línea exacta no entregada por bet365/bwin
2026-08-18,1607653,Sao Paulo vs Bolívar,CONMEBOL Sudamericana,2026-08-18T19:30:00-05:00,total_shots_under21_5,Total partido — Remates totales — Menos de 21.5,team,13.9104,93.75,180,32,17.7778,high,0,,,,31961,9710,30.3808,false,,,line_not_offered,shots,Under_21_5|Under_22,false,probabilidad < 70%
2026-08-18,1607653,Sao Paulo vs Bolívar,CONMEBOL Sudamericana,2026-08-18T19:30:00-05:00,total_shots_over22_5,Total partido — Remates totales — Más de 22.5,team,76.9047,93.75,180,133,73.8889,high,49,87.6741,77.551,10.1231,31961,20276,63.4398,false,,,line_not_offered,shots,Over_22_5|Over_22,false,línea exacta no entregada por bet365/bwin
2026-08-18,1607653,Sao Paulo vs Bolívar,CONMEBOL Sudamericana,2026-08-18T19:30:00-05:00,total_shots_under22_5,Total partido — Remates totales — Menos de 22.5,team,23.0953,93.75,180,47,26.1111,high,0,,,,31961,11685,36.5602,false,,,line_not_offered,shots,Under_22_5|Under_23,false,probabilidad < 70%
2026-08-18,1607653,Sao Paulo vs Bolívar,CONMEBOL Sudamericana,2026-08-18T19:30:00-05:00,total_shots_over23_5,Total partido — Remates totales — Más de 23.5,team,70.2243,93.75,180,118,65.5556,high,36,86.1144,75,11.1144,31961,18232,57.0445,false,,,line_not_offered,shots,Over_23_5|Over_23,false,línea exacta no entregada por bet365/bwin
2026-08-18,1607653,Sao Paulo vs Bolívar,CONMEBOL Sudamericana,2026-08-18T19:30:00-05:00,total_shots_under23_5,Total partido — Remates totales — Menos de 23.5,team,29.7757,93.75,180,62,34.4444,high,2,81.2726,50,31.2727,31961,13729,42.9555,false,,,line_not_offered,shots,Under_23_5|Under_24,false,probabilidad < 70%
2026-08-18,1607653,Sao Paulo vs Bolívar,CONMEBOL Sudamericana,2026-08-18T19:30:00-05:00,total_shots_over24_5,Total partido — Remates totales — Más de 24.5,team,57.2037,93.75,180,104,57.7778,high,24,85.3028,70.8333,14.4695,31961,16132,50.474,false,,,line_not_offered,shots,Over_24_5|Over_24,false,probabilidad < 70%
2026-08-18,1607653,Sao Paulo vs Bolívar,CONMEBOL Sudamericana,2026-08-18T19:30:00-05:00,total_shots_under24_5,Total partido — Remates totales — Menos de 24.5,team,42.7963,93.75,180,76,42.2222,high,3,83.824,33.3333,50.4907,31961,15829,49.526,false,,,line_not_offered,shots,Under_24_5|Under_25,false,probabilidad < 70%
2026-08-18,1607653,Sao Paulo vs Bolívar,CONMEBOL Sudamericana,2026-08-18T19:30:00-05:00,total_shots_over25_5,Total partido — Remates totales — Más de 25.5,team,53.732,93.75,180,92,51.1111,high,15,84.9541,66.6667,18.2874,31961,14062,43.9974,false,,,line_not_offered,shots,Over_25_5|Over_25,false,probabilidad < 70%
2026-08-18,1607653,Sao Paulo vs Bolívar,CONMEBOL Sudamericana,2026-08-18T19:30:00-05:00,total_shots_under25_5,Total partido — Remates totales — Menos de 25.5,team,46.268,93.75,180,88,48.8889,high,9,85.0214,55.5556,29.4658,31961,17899,56.0026,false,,,line_not_offered,shots,Under_25_5|Under_26,false,probabilidad < 70%
2026-08-18,1607653,Sao Paulo vs Bolívar,CONMEBOL Sudamericana,2026-08-18T19:30:00-05:00,total_shots_over26_5,Total partido — Remates totales — Más de 26.5,team,50.306,93.75,180,79,43.8889,high,8,82.6964,62.5,20.1964,31961,12066,37.7523,false,,,line_not_offered,shots,Over_26_5|Over_26,false,probabilidad < 70%
2026-08-18,1607653,Sao Paulo vs Bolívar,CONMEBOL Sudamericana,2026-08-18T19:30:00-05:00,total_shots_under26_5,Total partido — Remates totales — Menos de 26.5,team,49.694,93.75,180,101,56.1111,high,16,85.7885,75,10.7885,31961,19895,62.2477,false,,,line_not_offered,shots,Under_26_5|Under_27,false,probabilidad < 70%
2026-08-18,1607653,Sao Paulo vs Bolívar,CONMEBOL Sudamericana,2026-08-18T19:30:00-05:00,total_shots_over27_5,Total partido — Remates totales — Más de 27.5,team,42.7026,93.75,180,72,40,high,4,80.7377,50,30.7377,31961,10181,31.8544,false,1.83,Bet365,offered,shots,Over_27_5|Over_27,false,probabilidad < 70%
2026-08-18,1607653,Sao Paulo vs Bolívar,CONMEBOL Sudamericana,2026-08-18T19:30:00-05:00,total_shots_under27_5,Total partido — Remates totales — Menos de 27.5,team,57.2974,93.75,180,108,60,high,22,87.7984,77.2727,10.5257,31961,21780,68.1456,false,1.83,Bet365,offered,shots,Under_27_5|Under_28,false,probabilidad < 70%
2026-08-18,1607653,Sao Paulo vs Bolívar,CONMEBOL Sudamericana,2026-08-18T19:30:00-05:00,total_shots_over28_5,Total partido — Remates totales — Más de 28.5,team,30.8498,93.75,180,61,33.8889,high,1,81.1728,0,81.1728,31961,8462,26.476,false,1.91,Bet365,offered,shots,Over_28_5|Over_28,false,probabilidad < 70%
2026-08-18,1607653,Sao Paulo vs Bolívar,CONMEBOL Sudamericana,2026-08-18T19:30:00-05:00,total_shots_under28_5,Total partido — Remates totales — Menos de 28.5,team,69.1502,93.75,180,119,66.1111,high,47,86.5729,78.7234,7.8495,31961,23499,73.524,false,1.8,Bet365,offered,shots,Under_28_5|Under_29,false,probabilidad < 70%
2026-08-18,1607653,Sao Paulo vs Bolívar,CONMEBOL Sudamericana,2026-08-18T19:30:00-05:00,total_shots_over29_5,Total partido — Remates totales — Más de 29.5,team,28.679,93.75,180,53,29.4444,high,1,81.1728,0,81.1728,31961,6945,21.7296,false,,,line_not_offered,shots,Over_29_5|Over_29,false,probabilidad < 70%
2026-08-18,1607653,Sao Paulo vs Bolívar,CONMEBOL Sudamericana,2026-08-18T19:30:00-05:00,total_shots_under29_5,Total partido — Remates totales — Menos de 29.5,team,71.321,93.75,180,127,70.5556,high,75,86.5452,77.3333,9.2119,31961,25016,78.2704,false,,,line_not_offered,shots,Under_29_5|Under_30,false,línea exacta no entregada por bet365/bwin
2026-08-18,1607653,Sao Paulo vs Bolívar,CONMEBOL Sudamericana,2026-08-18T19:30:00-05:00,total_shots_over30_5,Total partido — Remates totales — Más de 30.5,team,22.1381,93.75,180,39,21.6667,high,1,81.1728,0,81.1728,31961,5575,17.4431,false,,,line_not_offered,shots,Over_30_5|Over_30,false,probabilidad < 70%
2026-08-18,1607653,Sao Paulo vs Bolívar,CONMEBOL Sudamericana,2026-08-18T19:30:00-05:00,total_shots_under30_5,Total partido — Remates totales — Menos de 30.5,team,77.8619,93.75,180,141,78.3333,high,117,87.5768,74.359,13.2178,31961,26386,82.5569,false,,,line_not_offered,shots,Under_30_5|Under_31,false,línea exacta no entregada por bet365/bwin
2026-08-18,1607653,Sao Paulo vs Bolívar,CONMEBOL Sudamericana,2026-08-18T19:30:00-05:00,total_shots_over31_5,Total partido — Remates totales — Más de 31.5,team,20.7118,93.75,180,34,18.8889,high,1,81.1728,0,81.1728,31961,4465,13.9702,false,,,line_not_offered,shots,Over_31_5|Over_31,false,probabilidad < 70%
2026-08-18,1607653,Sao Paulo vs Bolívar,CONMEBOL Sudamericana,2026-08-18T19:30:00-05:00,total_shots_under31_5,Total partido — Remates totales — Menos de 31.5,team,79.2882,93.75,180,146,81.1111,high,145,88.9444,77.2414,11.703,31961,27496,86.0298,false,,,line_not_offered,shots,Under_31_5|Under_32,false,línea exacta no entregada por bet365/bwin
2026-08-18,1607653,Sao Paulo vs Bolívar,CONMEBOL Sudamericana,2026-08-18T19:30:00-05:00,total_shots_over32_5,Total partido — Remates totales — Más de 32.5,team,14.988,93.75,180,25,13.8889,high,1,81.1728,0,81.1728,31961,3483,10.8977,false,,,line_not_offered,shots,Over_32_5|Over_32,false,probabilidad < 70%
2026-08-18,1607653,Sao Paulo vs Bolívar,CONMEBOL Sudamericana,2026-08-18T19:30:00-05:00,total_shots_under32_5,Total partido — Remates totales — Menos de 32.5,team,85.012,93.75,180,155,86.1111,high,156,90.422,80.7692,9.6527,31961,28478,89.1023,false,,,line_not_offered,shots,Under_32_5|Under_33,true,línea exacta no entregada por bet365/bwin
2026-08-18,1607653,Sao Paulo vs Bolívar,CONMEBOL Sudamericana,2026-08-18T19:30:00-05:00,total_shots_over33_5,Total partido — Remates totales — Más de 33.5,team,13.3963,93.75,180,19,10.5556,high,0,,,,31961,2676,8.3727,false,,,line_not_offered,shots,Over_33_5|Over_33,false,probabilidad < 70%
2026-08-18,1607653,Sao Paulo vs Bolívar,CONMEBOL Sudamericana,2026-08-18T19:30:00-05:00,total_shots_under33_5,Total partido — Remates totales — Menos de 33.5,team,86.6037,93.75,180,161,89.4444,high,135,91.4636,80,11.4636,31961,29285,91.6273,false,,,line_not_offered,shots,Under_33_5|Under_34,true,línea exacta no entregada por bet365/bwin
2026-08-18,1607653,Sao Paulo vs Bolívar,CONMEBOL Sudamericana,2026-08-18T19:30:00-05:00,total_shots_over34_5,Total partido — Remates totales — Más de 34.5,team,10.1711,93.75,180,16,8.8889,high,0,,,,31961,2055,6.4297,false,,,line_not_offered,shots,Over_34_5|Over_34,false,probabilidad < 70%
2026-08-18,1607653,Sao Paulo vs Bolívar,CONMEBOL Sudamericana,2026-08-18T19:30:00-05:00,total_shots_under34_5,Total partido — Remates totales — Menos de 34.5,team,89.8289,93.75,180,164,91.1111,high,117,92.4286,83.7607,8.6679,31961,29906,93.5703,false,,,line_not_offered,shots,Under_34_5|Under_35,true,línea exacta no entregada por bet365/bwin
2026-08-18,1607653,Sao Paulo vs Bolívar,CONMEBOL Sudamericana,2026-08-18T19:30:00-05:00,total_shots_over35_5,Total partido — Remates totales — Más de 35.5,team,9.3752,93.75,180,13,7.2222,high,0,,,,31961,1575,4.9279,false,,,line_not_offered,shots,Over_35_5|Over_35,false,probabilidad < 70%
2026-08-18,1607653,Sao Paulo vs Bolívar,CONMEBOL Sudamericana,2026-08-18T19:30:00-05:00,total_shots_under35_5,Total partido — Remates totales — Menos de 35.5,team,90.6248,93.75,180,167,92.7778,daily90,70,94.5524,88.5714,5.981,31961,30386,95.0721,false,,,line_not_offered,shots,Under_35_5|Under_36,true,línea exacta no entregada por bet365/bwin
2026-08-18,1607653,Sao Paulo vs Bolívar,CONMEBOL Sudamericana,2026-08-18T19:30:00-05:00,total_shots_over36_5,Total partido — Remates totales — Más de 36.5,team,8.89,93.75,180,11,6.1111,high,0,,,,31961,1189,3.7202,false,,,line_not_offered,shots,Over_36_5|Over_36,false,probabilidad < 70%
2026-08-18,1607653,Sao Paulo vs Bolívar,CONMEBOL Sudamericana,2026-08-18T19:30:00-05:00,total_shots_under36_5,Total partido — Remates totales — Menos de 36.5,team,91.11,93.75,180,169,93.8889,daily90,46,95.3333,89.1304,6.2028,31961,30772,96.2798,false,,,line_not_offered,shots,Under_36_5|Under_37,true,línea exacta no entregada por bet365/bwin
2026-08-18,1607653,Sao Paulo vs Bolívar,CONMEBOL Sudamericana,2026-08-18T19:30:00-05:00,total_shots_over37_5,Total partido — Remates totales — Más de 37.5,team,8.5794,93.75,180,10,5.5556,high,0,,,,31961,899,2.8128,false,,,line_not_offered,shots,Over_37_5|Over_37,false,probabilidad < 70%
2026-08-18,1607653,Sao Paulo vs Bolívar,CONMEBOL Sudamericana,2026-08-18T19:30:00-05:00,total_shots_under37_5,Total partido — Remates totales — Menos de 37.5,team,91.4206,93.75,180,170,94.4444,daily90,19,95.3418,84.2105,11.1312,31961,31062,97.1872,false,,,line_not_offered,shots,Under_37_5|Under_38,true,línea exacta no entregada por bet365/bwin
2026-08-18,1607653,Sao Paulo vs Bolívar,CONMEBOL Sudamericana,2026-08-18T19:30:00-05:00,home_shots_over0_5,Sao Paulo — Remates totales — Más de 0.5,team,100,93.75,180,180,100,elite95,211,99.9009,99.0521,0.8488,31961,31881,99.7497,false,,,line_not_offered,homeShots,Over_0_5|Over_0,true,línea exacta no entregada por bet365/bwin
2026-08-18,1607653,Sao Paulo vs Bolívar,CONMEBOL Sudamericana,2026-08-18T19:30:00-05:00,home_shots_under0_5,Sao Paulo — Remates totales — Menos de 0.5,team,0,93.75,180,0,0,high,0,,,,31961,80,0.2503,false,,,line_not_offered,homeShots,Under_0_5|Under_1,false,probabilidad < 70%
2026-08-18,1607653,Sao Paulo vs Bolívar,CONMEBOL Sudamericana,2026-08-18T19:30:00-05:00,home_shots_over1_5,Sao Paulo — Remates totales — Más de 1.5,team,100,93.75,180,180,100,elite95,210,99.7835,99.0476,0.7359,31961,31802,99.5025,false,,,line_not_offered,homeShots,Over_1_5|Over_1,true,línea exacta no entregada por bet365/bwin
2026-08-18,1607653,Sao Paulo vs Bolívar,CONMEBOL Sudamericana,2026-08-18T19:30:00-05:00,home_shots_under1_5,Sao Paulo — Remates totales — Menos de 1.5,team,0,93.75,180,0,0,high,0,,,,31961,159,0.4975,false,,,line_not_offered,homeShots,Under_1_5|Under_2,false,probabilidad < 70%
2026-08-18,1607653,Sao Paulo vs Bolívar,CONMEBOL Sudamericana,2026-08-18T19:30:00-05:00,home_shots_over2_5,Sao Paulo — Remates totales — Más de 2.5,team,99.7501,93.75,180,179,99.4444,elite95,208,99.4787,98.5577,0.921,31961,31651,99.0301,false,,,line_not_offered,homeShots,Over_2_5|Over_2,true,línea exacta no entregada por bet365/bwin
2026-08-18,1607653,Sao Paulo vs Bolívar,CONMEBOL Sudamericana,2026-08-18T19:30:00-05:00,home_shots_under2_5,Sao Paulo — Remates totales — Menos de 2.5,team,0.2499,93.75,180,1,0.5556,high,0,,,,31961,310,0.9699,false,,,line_not_offered,homeShots,Under_2_5|Under_3,false,probabilidad < 70%
2026-08-18,1607653,Sao Paulo vs Bolívar,CONMEBOL Sudamericana,2026-08-18T19:30:00-05:00,home_shots_over3_5,Sao Paulo — Remates totales — Más de 3.5,team,99.5002,93.75,180,178,98.8889,elite95,202,98.913,96.5347,2.3784,31961,31420,98.3073,false,,,line_not_offered,homeShots,Over_3_5|Over_3,true,línea exacta no entregada por bet365/bwin
2026-08-18,1607653,Sao Paulo vs Bolívar,CONMEBOL Sudamericana,2026-08-18T19:30:00-05:00,home_shots_under3_5,Sao Paulo — Remates totales — Menos de 3.5,team,0.4998,93.75,180,2,1.1111,high,0,,,,31961,541,1.6927,false,,,line_not_offered,homeShots,Under_3_5|Under_4,false,probabilidad < 70%
2026-08-18,1607653,Sao Paulo vs Bolívar,CONMEBOL Sudamericana,2026-08-18T19:30:00-05:00,home_shots_over4_5,Sao Paulo — Remates totales — Más de 4.5,team,92.6497,93.75,180,171,95,daily90,198,97.5332,94.9495,2.5837,31961,31027,97.0777,false,,,line_not_offered,homeShots,Over_4_5|Over_4,true,línea exacta no entregada por bet365/bwin
2026-08-18,1607653,Sao Paulo vs Bolívar,CONMEBOL Sudamericana,2026-08-18T19:30:00-05:00,home_shots_under4_5,Sao Paulo — Remates totales — Menos de 4.5,team,7.3503,93.75,180,9,5,high,0,,,,31961,934,2.9223,false,,,line_not_offered,homeShots,Under_4_5|Under_5,false,probabilidad < 70%
2026-08-18,1607653,Sao Paulo vs Bolívar,CONMEBOL Sudamericana,2026-08-18T19:30:00-05:00,home_shots_over5_5,Sao Paulo — Remates totales — Más de 5.5,team,91.3613,93.75,180,166,92.2222,daily90,172,95.7052,94.7674,0.9378,31961,30397,95.1065,false,,,line_not_offered,homeShots,Over_5_5|Over_5,true,línea exacta no entregada por bet365/bwin
2026-08-18,1607653,Sao Paulo vs Bolívar,CONMEBOL Sudamericana,2026-08-18T19:30:00-05:00,home_shots_under5_5,Sao Paulo — Remates totales — Menos de 5.5,team,8.6387,93.75,180,14,7.7778,high,0,,,,31961,1564,4.8935,false,,,line_not_offered,homeShots,Under_5_5|Under_6,false,probabilidad < 70%
2026-08-18,1607653,Sao Paulo vs Bolívar,CONMEBOL Sudamericana,2026-08-18T19:30:00-05:00,home_shots_over6_5,Sao Paulo — Remates totales — Más de 6.5,team,86.2265,93.75,180,156,86.6667,high,189,92.0079,92.5926,0.5847,31961,29446,92.131,false,,,line_not_offered,homeShots,Over_6_5|Over_6,true,línea exacta no entregada por bet365/bwin
2026-08-18,1607653,Sao Paulo vs Bolívar,CONMEBOL Sudamericana,2026-08-18T19:30:00-05:00,home_shots_under6_5,Sao Paulo — Remates totales — Menos de 6.5,team,13.7735,93.75,180,24,13.3333,high,0,,,,31961,2515,7.869,false,,,line_not_offered,homeShots,Under_6_5|Under_7,false,probabilidad < 70%
2026-08-18,1607653,Sao Paulo vs Bolívar,CONMEBOL Sudamericana,2026-08-18T19:30:00-05:00,home_shots_over7_5,Sao Paulo — Remates totales — Más de 7.5,team,80.7646,93.75,180,145,80.5556,high,155,89.4301,92.2581,2.828,31961,28129,88.0104,false,,,line_not_offered,homeShots,Over_7_5|Over_7,true,línea exacta no entregada por bet365/bwin
2026-08-18,1607653,Sao Paulo vs Bolívar,CONMEBOL Sudamericana,2026-08-18T19:30:00-05:00,home_shots_under7_5,Sao Paulo — Remates totales — Menos de 7.5,team,19.2354,93.75,180,35,19.4444,high,0,,,,31961,3832,11.9896,false,,,line_not_offered,homeShots,Under_7_5|Under_8,false,probabilidad < 70%
2026-08-18,1607653,Sao Paulo vs Bolívar,CONMEBOL Sudamericana,2026-08-18T19:30:00-05:00,home_shots_over8_5,Sao Paulo — Remates totales — Más de 8.5,team,78.1878,93.75,180,135,75,high,93,87.5797,92.4731,4.8934,31961,26516,82.9636,false,,,line_not_offered,homeShots,Over_8_5|Over_8,false,línea exacta no entregada por bet365/bwin
2026-08-18,1607653,Sao Paulo vs Bolívar,CONMEBOL Sudamericana,2026-08-18T19:30:00-05:00,home_shots_under8_5,Sao Paulo — Remates totales — Menos de 8.5,team,21.8122,93.75,180,45,25,high,0,,,,31961,5445,17.0364,false,,,line_not_offered,homeShots,Under_8_5|Under_9,false,probabilidad < 70%
2026-08-18,1607653,Sao Paulo vs Bolívar,CONMEBOL Sudamericana,2026-08-18T19:30:00-05:00,home_shots_over9_5,Sao Paulo — Remates totales — Más de 9.5,team,70.8056,93.75,180,126,70,high,42,88.1739,95.2381,7.0642,31961,24543,76.7905,false,,,line_not_offered,homeShots,Over_9_5|Over_9,false,línea exacta no entregada por bet365/bwin
2026-08-18,1607653,Sao Paulo vs Bolívar,CONMEBOL Sudamericana,2026-08-18T19:30:00-05:00,home_shots_under9_5,Sao Paulo — Remates totales — Menos de 9.5,team,29.1944,93.75,180,54,30,high,0,,,,31961,7418,23.2095,false,,,line_not_offered,homeShots,Under_9_5|Under_10,false,probabilidad < 70%
2026-08-18,1607653,Sao Paulo vs Bolívar,CONMEBOL Sudamericana,2026-08-18T19:30:00-05:00,home_shots_over10_5,Sao Paulo — Remates totales — Más de 10.5,team,64.875,93.75,180,113,62.7778,high,24,86.9504,95.8333,8.883,31961,22341,69.9008,false,,,line_not_offered,homeShots,Over_10_5|Over_10,false,probabilidad < 70%
2026-08-18,1607653,Sao Paulo vs Bolívar,CONMEBOL Sudamericana,2026-08-18T19:30:00-05:00,home_shots_under10_5,Sao Paulo — Remates totales — Menos de 10.5,team,35.125,93.75,180,67,37.2222,high,3,81.9355,100,18.0645,31961,9620,30.0992,false,,,line_not_offered,homeShots,Under_10_5|Under_11,false,probabilidad < 70%
2026-08-18,1607653,Sao Paulo vs Bolívar,CONMEBOL Sudamericana,2026-08-18T19:30:00-05:00,home_shots_over11_5,Sao Paulo — Remates totales — Más de 11.5,team,54.987,93.75,180,98,54.4444,high,16,84.2489,81.25,2.9989,31961,19895,62.2477,false,,,line_not_offered,homeShots,Over_11_5|Over_11,false,probabilidad < 70%
2026-08-18,1607653,Sao Paulo vs Bolívar,CONMEBOL Sudamericana,2026-08-18T19:30:00-05:00,home_shots_under11_5,Sao Paulo — Remates totales — Menos de 11.5,team,45.013,93.75,180,82,45.5556,high,7,82.7342,42.8571,39.877,31961,12066,37.7523,false,,,line_not_offered,homeShots,Under_11_5|Under_12,false,probabilidad < 70%
2026-08-18,1607653,Sao Paulo vs Bolívar,CONMEBOL Sudamericana,2026-08-18T19:30:00-05:00,home_shots_over12_5,Sao Paulo — Remates totales — Más de 12.5,team,48.0833,93.75,180,85,47.2222,high,6,83.3141,66.6667,16.6475,31961,17575,54.9889,false,,,line_not_offered,homeShots,Over_12_5|Over_12,false,probabilidad < 70%
2026-08-18,1607653,Sao Paulo vs Bolívar,CONMEBOL Sudamericana,2026-08-18T19:30:00-05:00,home_shots_under12_5,Sao Paulo — Remates totales — Menos de 12.5,team,51.9167,93.75,180,95,52.7778,high,16,83.7392,56.25,27.4892,31961,14386,45.0111,false,,,line_not_offered,homeShots,Under_12_5|Under_13,false,probabilidad < 70%
2026-08-18,1607653,Sao Paulo vs Bolívar,CONMEBOL Sudamericana,2026-08-18T19:30:00-05:00,home_shots_over13_5,Sao Paulo — Remates totales — Más de 13.5,team,38.4254,93.75,180,71,39.4444,high,1,83.2047,100,16.7953,31961,15144,47.3827,false,,,line_not_offered,homeShots,Over_13_5|Over_13,false,probabilidad < 70%
2026-08-18,1607653,Sao Paulo vs Bolívar,CONMEBOL Sudamericana,2026-08-18T19:30:00-05:00,home_shots_under13_5,Sao Paulo — Remates totales — Menos de 13.5,team,61.5746,93.75,180,109,60.5556,high,24,85.2766,58.3333,26.9433,31961,16817,52.6173,false,,,line_not_offered,homeShots,Under_13_5|Under_14,false,probabilidad < 70%
2026-08-18,1607653,Sao Paulo vs Bolívar,CONMEBOL Sudamericana,2026-08-18T19:30:00-05:00,home_shots_over14_5,Sao Paulo — Remates totales — Más de 14.5,team,30.9399,93.75,180,53,29.4444,high,0,,,,31961,12857,40.2272,false,,,line_not_offered,homeShots,Over_14_5|Over_14,false,probabilidad < 70%
2026-08-18,1607653,Sao Paulo vs Bolívar,CONMEBOL Sudamericana,2026-08-18T19:30:00-05:00,home_shots_under14_5,Sao Paulo — Remates totales — Menos de 14.5,team,69.0601,93.75,180,127,70.5556,high,42,86.2754,80.9524,5.323,31961,19104,59.7728,false,,,line_not_offered,homeShots,Under_14_5|Under_15,false,probabilidad < 70%
2026-08-18,1607653,Sao Paulo vs Bolívar,CONMEBOL Sudamericana,2026-08-18T19:30:00-05:00,home_shots_over15_5,Sao Paulo — Remates totales — Más de 15.5,team,24.3202,93.75,180,38,21.1111,high,0,,,,31961,10803,33.8006,false,,,line_not_offered,homeShots,Over_15_5|Over_15,false,probabilidad < 70%
2026-08-18,1607653,Sao Paulo vs Bolívar,CONMEBOL Sudamericana,2026-08-18T19:30:00-05:00,home_shots_under15_5,Sao Paulo — Remates totales — Menos de 15.5,team,75.6798,93.75,180,142,78.8889,high,82,86.8032,68.2927,18.5106,31961,21158,66.1994,false,,,line_not_offered,homeShots,Under_15_5|Under_16,false,línea exacta no entregada por bet365/bwin
2026-08-18,1607653,Sao Paulo vs Bolívar,CONMEBOL Sudamericana,2026-08-18T19:30:00-05:00,home_shots_over16_5,Sao Paulo — Remates totales — Más de 16.5,team,18.6002,93.75,180,29,16.1111,high,0,,,,31961,8921,27.9121,false,,,line_not_offered,homeShots,Over_16_5|Over_16,false,probabilidad < 70%
2026-08-18,1607653,Sao Paulo vs Bolívar,CONMEBOL Sudamericana,2026-08-18T19:30:00-05:00,home_shots_under16_5,Sao Paulo — Remates totales — Menos de 16.5,team,81.3998,93.75,180,151,83.8889,high,107,88.1198,72.8972,15.2226,31961,23040,72.0879,false,,,line_not_offered,homeShots,Under_16_5|Under_17,true,línea exacta no entregada por bet365/bwin
2026-08-18,1607653,Sao Paulo vs Bolívar,CONMEBOL Sudamericana,2026-08-18T19:30:00-05:00,home_shots_over17_5,Sao Paulo — Remates totales — Más de 17.5,team,14.472,93.75,180,26,14.4444,high,0,,,,31961,7296,22.8278,false,,,line_not_offered,homeShots,Over_17_5|Over_17,false,probabilidad < 70%
2026-08-18,1607653,Sao Paulo vs Bolívar,CONMEBOL Sudamericana,2026-08-18T19:30:00-05:00,home_shots_under17_5,Sao Paulo — Remates totales — Menos de 17.5,team,85.528,93.75,180,154,85.5556,high,134,89.342,75.3731,13.9689,31961,24665,77.1722,false,,,line_not_offered,homeShots,Under_17_5|Under_18,true,línea exacta no entregada por bet365/bwin
2026-08-18,1607653,Sao Paulo vs Bolívar,CONMEBOL Sudamericana,2026-08-18T19:30:00-05:00,home_shots_over18_5,Sao Paulo — Remates totales — Más de 18.5,team,13.9187,93.75,180,24,13.3333,high,0,,,,31961,5902,18.4663,false,,,line_not_offered,homeShots,Over_18_5|Over_18,false,probabilidad < 70%
2026-08-18,1607653,Sao Paulo vs Bolívar,CONMEBOL Sudamericana,2026-08-18T19:30:00-05:00,home_shots_under18_5,Sao Paulo — Remates totales — Menos de 18.5,team,86.0813,93.75,180,156,86.6667,high,156,90.2218,74.359,15.8628,31961,26059,81.5337,false,,,line_not_offered,homeShots,Under_18_5|Under_19,true,línea exacta no entregada por bet365/bwin
2026-08-18,1607653,Sao Paulo vs Bolívar,CONMEBOL Sudamericana,2026-08-18T19:30:00-05:00,home_shots_over19_5,Sao Paulo — Remates totales — Más de 19.5,team,8.4923,93.75,180,17,9.4444,high,0,,,,31961,4697,14.696,false,,,line_not_offered,homeShots,Over_19_5|Over_19,false,probabilidad < 70%
2026-08-18,1607653,Sao Paulo vs Bolívar,CONMEBOL Sudamericana,2026-08-18T19:30:00-05:00,home_shots_under19_5,Sao Paulo — Remates totales — Menos de 19.5,team,91.5077,93.75,180,163,90.5556,daily90,87,94.1295,85.0575,9.072,31961,27264,85.304,false,,,line_not_offered,homeShots,Under_19_5|Under_20,true,línea exacta no entregada por bet365/bwin
2026-08-18,1607653,Sao Paulo vs Bolívar,CONMEBOL Sudamericana,2026-08-18T19:30:00-05:00,home_shots_over20_5,Sao Paulo — Remates totales — Más de 20.5,team,7.2993,93.75,180,13,7.2222,high,0,,,,31961,3671,11.4859,false,,,line_not_offered,homeShots,Over_20_5|Over_20,false,probabilidad < 70%
2026-08-18,1607653,Sao Paulo vs Bolívar,CONMEBOL Sudamericana,2026-08-18T19:30:00-05:00,home_shots_under20_5,Sao Paulo — Remates totales — Menos de 20.5,team,92.7007,93.75,180,167,92.7778,daily90,70,93.9988,82.8571,11.1416,31961,28290,88.5141,false,,,line_not_offered,homeShots,Under_20_5|Under_21,true,línea exacta no entregada por bet365/bwin
2026-08-18,1607653,Sao Paulo vs Bolívar,CONMEBOL Sudamericana,2026-08-18T19:30:00-05:00,home_shots_over21_5,Sao Paulo — Remates totales — Más de 21.5,team,7.2993,93.75,180,13,7.2222,high,0,,,,31961,2894,9.0548,false,,,line_not_offered,homeShots,Over_21_5|Over_21,false,probabilidad < 70%
2026-08-18,1607653,Sao Paulo vs Bolívar,CONMEBOL Sudamericana,2026-08-18T19:30:00-05:00,home_shots_under21_5,Sao Paulo — Remates totales — Menos de 21.5,team,92.7007,93.75,180,167,92.7778,daily90,64,93.9388,81.25,12.6888,31961,29067,90.9452,false,,,line_not_offered,homeShots,Under_21_5|Under_22,true,línea exacta no entregada por bet365/bwin
2026-08-18,1607653,Sao Paulo vs Bolívar,CONMEBOL Sudamericana,2026-08-18T19:30:00-05:00,away_shots_over0_5,Bolívar — Remates totales — Más de 0.5,team,100,93.75,180,180,100,elite95,211,99.8966,99.5261,0.3705,31961,31843,99.6308,false,,,line_not_offered,awayShots,Over_0_5|Over_0,true,línea exacta no entregada por bet365/bwin
2026-08-18,1607653,Sao Paulo vs Bolívar,CONMEBOL Sudamericana,2026-08-18T19:30:00-05:00,away_shots_under0_5,Bolívar — Remates totales — Menos de 0.5,team,0,93.75,180,0,0,high,0,,,,31961,118,0.3692,false,,,line_not_offered,awayShots,Under_0_5|Under_1,false,probabilidad < 70%
2026-08-18,1607653,Sao Paulo vs Bolívar,CONMEBOL Sudamericana,2026-08-18T19:30:00-05:00,away_shots_over1_5,Bolívar — Remates totales — Más de 1.5,team,100,93.75,180,180,100,elite95,210,99.7679,99.0476,0.7202,31961,31657,99.0488,false,,,line_not_offered,awayShots,Over_1_5|Over_1,true,línea exacta no entregada por bet365/bwin
2026-08-18,1607653,Sao Paulo vs Bolívar,CONMEBOL Sudamericana,2026-08-18T19:30:00-05:00,away_shots_under1_5,Bolívar — Remates totales — Menos de 1.5,team,0,93.75,180,0,0,high,0,,,,31961,304,0.9512,false,,,line_not_offered,awayShots,Under_1_5|Under_2,false,probabilidad < 70%
2026-08-18,1607653,Sao Paulo vs Bolívar,CONMEBOL Sudamericana,2026-08-18T19:30:00-05:00,away_shots_over2_5,Bolívar — Remates totales — Más de 2.5,team,99.6801,93.75,180,179,99.4444,elite95,208,99.5183,98.5577,0.9606,31961,31305,97.9475,false,,,line_not_offered,awayShots,Over_2_5|Over_2,true,línea exacta no entregada por bet365/bwin
2026-08-18,1607653,Sao Paulo vs Bolívar,CONMEBOL Sudamericana,2026-08-18T19:30:00-05:00,away_shots_under2_5,Bolívar — Remates totales — Menos de 2.5,team,0.3199,93.75,180,1,0.5556,high,0,,,,31961,656,2.0525,false,,,line_not_offered,awayShots,Under_2_5|Under_3,false,probabilidad < 70%
2026-08-18,1607653,Sao Paulo vs Bolívar,CONMEBOL Sudamericana,2026-08-18T19:30:00-05:00,away_shots_over3_5,Bolívar — Remates totales — Más de 3.5,team,99.059,93.75,180,177,98.3333,elite95,196,99.0049,97.9592,1.0457,31961,30687,96.0139,false,,,line_not_offered,awayShots,Over_3_5|Over_3,true,línea exacta no entregada por bet365/bwin
2026-08-18,1607653,Sao Paulo vs Bolívar,CONMEBOL Sudamericana,2026-08-18T19:30:00-05:00,away_shots_under3_5,Bolívar — Remates totales — Menos de 3.5,team,0.941,93.75,180,3,1.6667,high,0,,,,31961,1274,3.9861,false,,,line_not_offered,awayShots,Under_3_5|Under_4,false,probabilidad < 70%
2026-08-18,1607653,Sao Paulo vs Bolívar,CONMEBOL Sudamericana,2026-08-18T19:30:00-05:00,away_shots_over4_5,Bolívar — Remates totales — Más de 4.5,team,97.8753,93.75,180,173,96.1111,elite95,179,98.3727,96.0894,2.2834,31961,29714,92.9696,false,,,line_not_offered,awayShots,Over_4_5|Over_4,true,línea exacta no entregada por bet365/bwin
2026-08-18,1607653,Sao Paulo vs Bolívar,CONMEBOL Sudamericana,2026-08-18T19:30:00-05:00,away_shots_under4_5,Bolívar — Remates totales — Menos de 4.5,team,2.1247,93.75,180,7,3.8889,high,0,,,,31961,2247,7.0304,false,,,line_not_offered,awayShots,Under_4_5|Under_5,false,probabilidad < 70%
2026-08-18,1607653,Sao Paulo vs Bolívar,CONMEBOL Sudamericana,2026-08-18T19:30:00-05:00,away_shots_over5_5,Bolívar — Remates totales — Más de 5.5,team,92.6914,93.75,180,167,92.7778,daily90,183,96.2933,91.8033,4.49,31961,28256,88.4077,false,,,line_not_offered,awayShots,Over_5_5|Over_5,true,línea exacta no entregada por bet365/bwin
2026-08-18,1607653,Sao Paulo vs Bolívar,CONMEBOL Sudamericana,2026-08-18T19:30:00-05:00,away_shots_under5_5,Bolívar — Remates totales — Menos de 5.5,team,7.3086,93.75,180,13,7.2222,high,0,,,,31961,3705,11.5923,false,,,line_not_offered,awayShots,Under_5_5|Under_6,false,probabilidad < 70%
2026-08-18,1607653,Sao Paulo vs Bolívar,CONMEBOL Sudamericana,2026-08-18T19:30:00-05:00,away_shots_over6_5,Bolívar — Remates totales — Más de 6.5,team,90.9545,93.75,180,161,89.4444,daily90,131,95.0798,87.7863,7.2936,31961,26438,82.7196,false,,,line_not_offered,awayShots,Over_6_5|Over_6,true,línea exacta no entregada por bet365/bwin
2026-08-18,1607653,Sao Paulo vs Bolívar,CONMEBOL Sudamericana,2026-08-18T19:30:00-05:00,away_shots_under6_5,Bolívar — Remates totales — Menos de 6.5,team,9.0455,93.75,180,19,10.5556,high,0,,,,31961,5523,17.2804,false,,,line_not_offered,awayShots,Under_6_5|Under_7,false,probabilidad < 70%
2026-08-18,1607653,Sao Paulo vs Bolívar,CONMEBOL Sudamericana,2026-08-18T19:30:00-05:00,away_shots_over7_5,Bolívar — Remates totales — Más de 7.5,team,88.7251,93.75,180,153,85,high,161,90.0269,85.7143,4.3126,31961,24163,75.6015,false,,,line_not_offered,awayShots,Over_7_5|Over_7,true,línea exacta no entregada por bet365/bwin
2026-08-18,1607653,Sao Paulo vs Bolívar,CONMEBOL Sudamericana,2026-08-18T19:30:00-05:00,away_shots_under7_5,Bolívar — Remates totales — Menos de 7.5,team,11.2749,93.75,180,27,15,high,0,,,,31961,7798,24.3985,false,,,line_not_offered,awayShots,Under_7_5|Under_8,false,probabilidad < 70%
2026-08-18,1607653,Sao Paulo vs Bolívar,CONMEBOL Sudamericana,2026-08-18T19:30:00-05:00,away_shots_over8_5,Bolívar — Remates totales — Más de 8.5,team,86.6776,93.75,180,146,81.1111,high,115,88.5549,81.7391,6.8157,31961,21607,67.6043,false,,,line_not_offered,awayShots,Over_8_5|Over_8,true,línea exacta no entregada por bet365/bwin
2026-08-18,1607653,Sao Paulo vs Bolívar,CONMEBOL Sudamericana,2026-08-18T19:30:00-05:00,away_shots_under8_5,Bolívar — Remates totales — Menos de 8.5,team,13.3224,93.75,180,34,18.8889,high,0,,,,31961,10354,32.3957,false,,,line_not_offered,awayShots,Under_8_5|Under_9,false,probabilidad < 70%
2026-08-18,1607653,Sao Paulo vs Bolívar,CONMEBOL Sudamericana,2026-08-18T19:30:00-05:00,away_shots_over9_5,Bolívar — Remates totales — Más de 9.5,team,81.521,93.75,180,137,76.1111,high,73,88.2051,80.8219,7.3831,31961,18941,59.2629,false,,,line_not_offered,awayShots,Over_9_5|Over_9,true,línea exacta no entregada por bet365/bwin
2026-08-18,1607653,Sao Paulo vs Bolívar,CONMEBOL Sudamericana,2026-08-18T19:30:00-05:00,away_shots_under9_5,Bolívar — Remates totales — Menos de 9.5,team,18.479,93.75,180,43,23.8889,high,0,,,,31961,13020,40.7371,false,,,line_not_offered,awayShots,Under_9_5|Under_10,false,probabilidad < 70%
2026-08-18,1607653,Sao Paulo vs Bolívar,CONMEBOL Sudamericana,2026-08-18T19:30:00-05:00,away_shots_over10_5,Bolívar — Remates totales — Más de 10.5,team,71.4896,93.75,180,122,67.7778,high,47,86.149,76.5957,9.5533,31961,16139,50.4959,false,,,line_not_offered,awayShots,Over_10_5|Over_10,false,línea exacta no entregada por bet365/bwin
2026-08-18,1607653,Sao Paulo vs Bolívar,CONMEBOL Sudamericana,2026-08-18T19:30:00-05:00,away_shots_under10_5,Bolívar — Remates totales — Menos de 10.5,team,28.5104,93.75,180,58,32.2222,high,0,,,,31961,15822,49.5041,false,,,line_not_offered,awayShots,Under_10_5|Under_11,false,probabilidad < 70%
2026-08-18,1607653,Sao Paulo vs Bolívar,CONMEBOL Sudamericana,2026-08-18T19:30:00-05:00,away_shots_over11_5,Bolívar — Remates totales — Más de 11.5,team,66.2776,93.75,180,112,62.2222,high,23,84.4723,86.9565,2.4842,31961,13516,42.289,false,,,line_not_offered,awayShots,Over_11_5|Over_11,false,probabilidad < 70%
2026-08-18,1607653,Sao Paulo vs Bolívar,CONMEBOL Sudamericana,2026-08-18T19:30:00-05:00,away_shots_under11_5,Bolívar — Remates totales — Menos de 11.5,team,33.7224,93.75,180,68,37.7778,high,2,82.5712,50,32.5712,31961,18445,57.711,false,,,line_not_offered,awayShots,Under_11_5|Under_12,false,probabilidad < 70%
2026-08-18,1607653,Sao Paulo vs Bolívar,CONMEBOL Sudamericana,2026-08-18T19:30:00-05:00,away_shots_over12_5,Bolívar — Remates totales — Más de 12.5,team,53.9833,93.75,180,100,55.5556,high,9,82.5531,77.7778,4.7753,31961,11200,35.0427,false,,,line_not_offered,awayShots,Over_12_5|Over_12,false,probabilidad < 70%
2026-08-18,1607653,Sao Paulo vs Bolívar,CONMEBOL Sudamericana,2026-08-18T19:30:00-05:00,away_shots_under12_5,Bolívar — Remates totales — Menos de 12.5,team,46.0167,93.75,180,80,44.4444,high,5,84.2777,80,4.2777,31961,20761,64.9573,false,,,line_not_offered,awayShots,Under_12_5|Under_13,false,probabilidad < 70%
2026-08-18,1607653,Sao Paulo vs Bolívar,CONMEBOL Sudamericana,2026-08-18T19:30:00-05:00,away_shots_over13_5,Bolívar — Remates totales — Más de 13.5,team,51.4526,93.75,180,91,50.5556,high,2,81.6201,50,31.6201,31961,9056,28.3345,false,,,line_not_offered,awayShots,Over_13_5|Over_13,false,probabilidad < 70%
2026-08-18,1607653,Sao Paulo vs Bolívar,CONMEBOL Sudamericana,2026-08-18T19:30:00-05:00,away_shots_under13_5,Bolívar — Remates totales — Menos de 13.5,team,48.5474,93.75,180,89,49.4444,high,9,85.8227,66.6667,19.1561,31961,22905,71.6655,false,,,line_not_offered,awayShots,Under_13_5|Under_14,false,probabilidad < 70%
2026-08-18,1607653,Sao Paulo vs Bolívar,CONMEBOL Sudamericana,2026-08-18T19:30:00-05:00,away_shots_over14_5,Bolívar — Remates totales — Más de 14.5,team,44.4544,93.75,180,75,41.6667,high,0,,,,31961,7178,22.4586,false,,,line_not_offered,awayShots,Over_14_5|Over_14,false,probabilidad < 70%
2026-08-18,1607653,Sao Paulo vs Bolívar,CONMEBOL Sudamericana,2026-08-18T19:30:00-05:00,away_shots_under14_5,Bolívar — Remates totales — Menos de 14.5,team,55.5456,93.75,180,105,58.3333,high,23,85.8636,82.6087,3.2549,31961,24783,77.5414,false,,,line_not_offered,awayShots,Under_14_5|Under_15,false,probabilidad < 70%
2026-08-18,1607653,Sao Paulo vs Bolívar,CONMEBOL Sudamericana,2026-08-18T19:30:00-05:00,away_shots_over15_5,Bolívar — Remates totales — Más de 15.5,team,38.1133,93.75,180,64,35.5556,high,0,,,,31961,5625,17.5996,false,,,line_not_offered,awayShots,Over_15_5|Over_15,false,probabilidad < 70%
2026-08-18,1607653,Sao Paulo vs Bolívar,CONMEBOL Sudamericana,2026-08-18T19:30:00-05:00,away_shots_under15_5,Bolívar — Remates totales — Menos de 15.5,team,61.8867,93.75,180,116,64.4444,high,44,86.0137,90.9091,4.8954,31961,26336,82.4004,false,,,line_not_offered,awayShots,Under_15_5|Under_16,false,probabilidad < 70%
2026-08-18,1607653,Sao Paulo vs Bolívar,CONMEBOL Sudamericana,2026-08-18T19:30:00-05:00,away_shots_over16_5,Bolívar — Remates totales — Más de 16.5,team,34.2669,93.75,180,59,32.7778,high,0,,,,31961,4298,13.4476,false,,,line_not_offered,awayShots,Over_16_5|Over_16,false,probabilidad < 70%
2026-08-18,1607653,Sao Paulo vs Bolívar,CONMEBOL Sudamericana,2026-08-18T19:30:00-05:00,away_shots_under16_5,Bolívar — Remates totales — Menos de 16.5,team,65.7331,93.75,180,121,67.2222,high,98,86.7367,85.7143,1.0224,31961,27663,86.5524,false,,,line_not_offered,awayShots,Under_16_5|Under_17,false,probabilidad < 70%
2026-08-18,1607653,Sao Paulo vs Bolívar,CONMEBOL Sudamericana,2026-08-18T19:30:00-05:00,away_shots_over17_5,Bolívar — Remates totales — Más de 17.5,team,32.1754,93.75,180,51,28.3333,high,0,,,,31961,3246,10.1561,false,,,line_not_offered,awayShots,Over_17_5|Over_17,false,probabilidad < 70%
2026-08-18,1607653,Sao Paulo vs Bolívar,CONMEBOL Sudamericana,2026-08-18T19:30:00-05:00,away_shots_under17_5,Bolívar — Remates totales — Menos de 17.5,team,67.8246,93.75,180,129,71.6667,high,133,88.1455,90.9774,2.8319,31961,28715,89.8439,false,,,line_not_offered,awayShots,Under_17_5|Under_18,false,probabilidad < 70%
2026-08-18,1607653,Sao Paulo vs Bolívar,CONMEBOL Sudamericana,2026-08-18T19:30:00-05:00,away_shots_over18_5,Bolívar — Remates totales — Más de 18.5,team,28.0864,93.75,180,45,25,high,0,,,,31961,2498,7.8158,false,,,line_not_offered,awayShots,Over_18_5|Over_18,false,probabilidad < 70%
2026-08-18,1607653,Sao Paulo vs Bolívar,CONMEBOL Sudamericana,2026-08-18T19:30:00-05:00,away_shots_under18_5,Bolívar — Remates totales — Menos de 18.5,team,71.9136,93.75,180,135,75,high,144,89.9077,90.9722,1.0645,31961,29463,92.1842,false,,,line_not_offered,awayShots,Under_18_5|Under_19,false,línea exacta no entregada por bet365/bwin
2026-08-18,1607653,Sao Paulo vs Bolívar,CONMEBOL Sudamericana,2026-08-18T19:30:00-05:00,away_shots_over19_5,Bolívar — Remates totales — Más de 19.5,team,21.8366,93.75,180,34,18.8889,high,0,,,,31961,1880,5.8822,false,,,line_not_offered,awayShots,Over_19_5|Over_19,false,probabilidad < 70%
2026-08-18,1607653,Sao Paulo vs Bolívar,CONMEBOL Sudamericana,2026-08-18T19:30:00-05:00,away_shots_under19_5,Bolívar — Remates totales — Menos de 19.5,team,78.1634,93.75,180,146,81.1111,high,142,91.4784,92.2535,0.7751,31961,30081,94.1178,false,,,line_not_offered,awayShots,Under_19_5|Under_20,false,línea exacta no entregada por bet365/bwin
2026-08-18,1607653,Sao Paulo vs Bolívar,CONMEBOL Sudamericana,2026-08-18T19:30:00-05:00,away_shots_over20_5,Bolívar — Remates totales — Más de 20.5,team,18.0509,93.75,180,29,16.1111,high,0,,,,31961,1373,4.2959,false,,,line_not_offered,awayShots,Over_20_5|Over_20,false,probabilidad < 70%
2026-08-18,1607653,Sao Paulo vs Bolívar,CONMEBOL Sudamericana,2026-08-18T19:30:00-05:00,away_shots_under20_5,Bolívar — Remates totales — Menos de 20.5,team,81.9491,93.75,180,151,83.8889,high,132,92.4633,93.1818,0.7185,31961,30588,95.7041,false,,,line_not_offered,awayShots,Under_20_5|Under_21,true,línea exacta no entregada por bet365/bwin
2026-08-18,1607653,Sao Paulo vs Bolívar,CONMEBOL Sudamericana,2026-08-18T19:30:00-05:00,away_shots_over21_5,Bolívar — Remates totales — Más de 21.5,team,13.8727,93.75,180,25,13.8889,high,0,,,,31961,1034,3.2352,false,,,line_not_offered,awayShots,Over_21_5|Over_21,false,probabilidad < 70%
2026-08-18,1607653,Sao Paulo vs Bolívar,CONMEBOL Sudamericana,2026-08-18T19:30:00-05:00,away_shots_under21_5,Bolívar — Remates totales — Menos de 21.5,team,86.1273,93.75,180,155,86.1111,high,108,92.9839,95.3704,2.3865,31961,30927,96.7648,false,,,line_not_offered,awayShots,Under_21_5|Under_22,true,línea exacta no entregada por bet365/bwin
2026-08-18,1607653,Sao Paulo vs Bolívar,CONMEBOL Sudamericana,2026-08-18T19:30:00-05:00,away_shots_over22_5,Bolívar — Remates totales — Más de 22.5,team,12.0917,93.75,180,18,10,high,0,,,,31961,767,2.3998,false,,,line_not_offered,awayShots,Over_22_5|Over_22,false,probabilidad < 70%
2026-08-18,1607653,Sao Paulo vs Bolívar,CONMEBOL Sudamericana,2026-08-18T19:30:00-05:00,away_shots_under22_5,Bolívar — Remates totales — Menos de 22.5,team,87.9083,93.75,180,162,90,high,66,92.8077,95.4545,2.6469,31961,31194,97.6002,false,,,line_not_offered,awayShots,Under_22_5|Under_23,true,línea exacta no entregada por bet365/bwin
2026-08-18,1607653,Sao Paulo vs Bolívar,CONMEBOL Sudamericana,2026-08-18T19:30:00-05:00,away_shots_over23_5,Bolívar — Remates totales — Más de 23.5,team,11.6064,93.75,180,16,8.8889,high,0,,,,31961,556,1.7396,false,,,line_not_offered,awayShots,Over_23_5|Over_23,false,probabilidad < 70%
2026-08-18,1607653,Sao Paulo vs Bolívar,CONMEBOL Sudamericana,2026-08-18T19:30:00-05:00,away_shots_under23_5,Bolívar — Remates totales — Menos de 23.5,team,88.3936,93.75,180,164,91.1111,high,39,93.2387,89.7436,3.4951,31961,31405,98.2604,false,,,line_not_offered,awayShots,Under_23_5|Under_24,true,línea exacta no entregada por bet365/bwin
2026-08-18,1607653,Sao Paulo vs Bolívar,CONMEBOL Sudamericana,2026-08-18T19:30:00-05:00,away_shots_over24_5,Bolívar — Remates totales — Más de 24.5,team,7.8138,93.75,180,11,6.1111,high,0,,,,31961,394,1.2328,false,,,line_not_offered,awayShots,Over_24_5|Over_24,false,probabilidad < 70%
2026-08-18,1607653,Sao Paulo vs Bolívar,CONMEBOL Sudamericana,2026-08-18T19:30:00-05:00,away_shots_under24_5,Bolívar — Remates totales — Menos de 24.5,team,92.1862,93.75,180,169,93.8889,daily90,22,95.3117,95.4545,0.1428,31961,31567,98.7672,false,,,line_not_offered,awayShots,Under_24_5|Under_25,true,línea exacta no entregada por bet365/bwin
2026-08-18,1607653,Sao Paulo vs Bolívar,CONMEBOL Sudamericana,2026-08-18T19:30:00-05:00,total_sot_over0_5,Total partido — Remates a puerta — Más de 0.5,team,100,93.75,180,180,100,elite95,224,99.9252,99.5536,0.3717,32047,31989,99.819,false,,,line_not_offered,sot,Over_0_5|Over_0,true,línea exacta no entregada por bet365/bwin
2026-08-18,1607653,Sao Paulo vs Bolívar,CONMEBOL Sudamericana,2026-08-18T19:30:00-05:00,total_sot_under0_5,Total partido — Remates a puerta — Menos de 0.5,team,0,93.75,180,0,0,high,0,,,,32047,58,0.181,false,,,line_not_offered,sot,Under_0_5|Under_1,false,probabilidad < 70%
2026-08-18,1607653,Sao Paulo vs Bolívar,CONMEBOL Sudamericana,2026-08-18T19:30:00-05:00,total_sot_over1_5,Total partido — Remates a puerta — Más de 1.5,team,99.7501,93.75,180,179,99.4444,elite95,222,99.6529,98.6486,1.0042,32047,31859,99.4134,false,,,line_not_offered,sot,Over_1_5|Over_1,true,línea exacta no entregada por bet365/bwin
2026-08-18,1607653,Sao Paulo vs Bolívar,CONMEBOL Sudamericana,2026-08-18T19:30:00-05:00,total_sot_under1_5,Total partido — Remates a puerta — Menos de 1.5,team,0.2499,93.75,180,1,0.5556,high,0,,,,32047,188,0.5866,false,,,line_not_offered,sot,Under_1_5|Under_2,false,probabilidad < 70%
2026-08-18,1607653,Sao Paulo vs Bolívar,CONMEBOL Sudamericana,2026-08-18T19:30:00-05:00,total_sot_over2_5,Total partido — Remates a puerta — Más de 2.5,team,95.6825,93.75,180,176,97.7778,elite95,218,98.9803,97.7064,1.2739,32047,31491,98.265,false,,,line_not_offered,sot,Over_2_5|Over_2,true,línea exacta no entregada por bet365/bwin
2026-08-18,1607653,Sao Paulo vs Bolívar,CONMEBOL Sudamericana,2026-08-18T19:30:00-05:00,total_sot_under2_5,Total partido — Remates a puerta — Menos de 2.5,team,4.3175,93.75,180,4,2.2222,high,0,,,,32047,556,1.735,false,,,line_not_offered,sot,Under_2_5|Under_3,false,probabilidad < 70%
2026-08-18,1607653,Sao Paulo vs Bolívar,CONMEBOL Sudamericana,2026-08-18T19:30:00-05:00,total_sot_over3_5,Total partido — Remates a puerta — Más de 3.5,team,91.5769,93.75,180,170,94.4444,daily90,209,97.022,94.2584,2.7636,32047,30644,95.6221,false,,,line_not_offered,sot,Over_3_5|Over_3,true,línea exacta no entregada por bet365/bwin
2026-08-18,1607653,Sao Paulo vs Bolívar,CONMEBOL Sudamericana,2026-08-18T19:30:00-05:00,total_sot_under3_5,Total partido — Remates a puerta — Menos de 3.5,team,8.4231,93.75,180,10,5.5556,high,0,,,,32047,1403,4.3779,false,,,line_not_offered,sot,Under_3_5|Under_4,false,probabilidad < 70%
2026-08-18,1607653,Sao Paulo vs Bolívar,CONMEBOL Sudamericana,2026-08-18T19:30:00-05:00,total_sot_over4_5,Total partido — Remates a puerta — Más de 4.5,team,88.4836,93.75,180,159,88.3333,high,209,93.3042,89.4737,3.8305,32047,29022,90.5607,false,,,line_not_offered,sot,Over_4_5|Over_4,true,línea exacta no entregada por bet365/bwin
2026-08-18,1607653,Sao Paulo vs Bolívar,CONMEBOL Sudamericana,2026-08-18T19:30:00-05:00,total_sot_under4_5,Total partido — Remates a puerta — Menos de 4.5,team,11.5164,93.75,180,21,11.6667,high,0,,,,32047,3025,9.4393,false,,,line_not_offered,sot,Under_4_5|Under_5,false,probabilidad < 70%
2026-08-18,1607653,Sao Paulo vs Bolívar,CONMEBOL Sudamericana,2026-08-18T19:30:00-05:00,total_sot_over5_5,Total partido — Remates a puerta — Más de 5.5,team,80.1625,93.75,180,147,81.6667,high,146,88.9605,86.9863,1.9742,32047,26429,82.4695,false,,,line_not_offered,sot,Over_5_5|Over_5,true,línea exacta no entregada por bet365/bwin
2026-08-18,1607653,Sao Paulo vs Bolívar,CONMEBOL Sudamericana,2026-08-18T19:30:00-05:00,total_sot_under5_5,Total partido — Remates a puerta — Menos de 5.5,team,19.8375,93.75,180,33,18.3333,high,0,,,,32047,5618,17.5305,false,,,line_not_offered,sot,Under_5_5|Under_6,false,probabilidad < 70%
2026-08-18,1607653,Sao Paulo vs Bolívar,CONMEBOL Sudamericana,2026-08-18T19:30:00-05:00,total_sot_over6_5,Total partido — Remates a puerta — Más de 6.5,team,62.455,93.75,180,127,70.5556,high,64,89.2503,82.8125,6.4378,32047,23083,72.0286,false,,,line_not_offered,sot,Over_6_5|Over_6,false,probabilidad < 70%
2026-08-18,1607653,Sao Paulo vs Bolívar,CONMEBOL Sudamericana,2026-08-18T19:30:00-05:00,total_sot_under6_5,Total partido — Remates a puerta — Menos de 6.5,team,37.545,93.75,180,53,29.4444,high,0,,,,32047,8964,27.9714,false,,,line_not_offered,sot,Under_6_5|Under_7,false,probabilidad < 70%
2026-08-18,1607653,Sao Paulo vs Bolívar,CONMEBOL Sudamericana,2026-08-18T19:30:00-05:00,total_sot_over7_5,Total partido — Remates a puerta — Más de 7.5,team,50.6255,93.75,180,106,58.8889,high,30,86.0978,66.6667,19.4312,32047,19249,60.0649,false,,,line_not_offered,sot,Over_7_5|Over_7,false,probabilidad < 70%
2026-08-18,1607653,Sao Paulo vs Bolívar,CONMEBOL Sudamericana,2026-08-18T19:30:00-05:00,total_sot_under7_5,Total partido — Remates a puerta — Menos de 7.5,team,49.3745,93.75,180,74,41.1111,high,1,84.0632,0,84.0632,32047,12798,39.9351,false,,,line_not_offered,sot,Under_7_5|Under_8,false,probabilidad < 70%
2026-08-18,1607653,Sao Paulo vs Bolívar,CONMEBOL Sudamericana,2026-08-18T19:30:00-05:00,total_sot_over8_5,Total partido — Remates a puerta — Más de 8.5,team,42.8994,93.75,180,87,48.3333,high,12,84.3111,66.6667,17.6444,32047,15263,47.6269,false,,,line_not_offered,sot,Over_8_5|Over_8,false,probabilidad < 70%
2026-08-18,1607653,Sao Paulo vs Bolívar,CONMEBOL Sudamericana,2026-08-18T19:30:00-05:00,total_sot_under8_5,Total partido — Remates a puerta — Menos de 8.5,team,57.1006,93.75,180,93,51.6667,high,6,82.8041,66.6667,16.1374,32047,16784,52.3731,false,,,line_not_offered,sot,Under_8_5|Under_9,false,probabilidad < 70%
2026-08-18,1607653,Sao Paulo vs Bolívar,CONMEBOL Sudamericana,2026-08-18T19:30:00-05:00,total_sot_over9_5,Total partido — Remates a puerta — Más de 9.5,team,34.4715,93.75,180,74,41.1111,high,3,88.2639,66.6667,21.5972,32047,11434,35.6788,false,,,line_not_offered,sot,Over_9_5|Over_9,false,probabilidad < 70%
2026-08-18,1607653,Sao Paulo vs Bolívar,CONMEBOL Sudamericana,2026-08-18T19:30:00-05:00,total_sot_under9_5,Total partido — Remates a puerta — Menos de 9.5,team,65.5285,93.75,180,106,58.8889,high,20,85.7041,80,5.7041,32047,20613,64.3212,false,,,line_not_offered,sot,Under_9_5|Under_10,false,probabilidad < 70%
2026-08-18,1607653,Sao Paulo vs Bolívar,CONMEBOL Sudamericana,2026-08-18T19:30:00-05:00,total_sot_over10_5,Total partido — Remates a puerta — Más de 10.5,team,21.3365,93.75,180,56,31.1111,high,1,99.9999,0,99.9999,32047,8132,25.3752,false,1.8,Bet365,offered,sot,Over_10_5|Over_10,false,probabilidad < 70%
2026-08-18,1607653,Sao Paulo vs Bolívar,CONMEBOL Sudamericana,2026-08-18T19:30:00-05:00,total_sot_under10_5,Total partido — Remates a puerta — Menos de 10.5,team,78.6635,93.75,180,124,68.8889,high,76,85.2668,80.2632,5.0036,32047,23915,74.6248,true,1.91,Bet365,offered,sot,Under_10_5|Under_11,false,
2026-08-18,1607653,Sao Paulo vs Bolívar,CONMEBOL Sudamericana,2026-08-18T19:30:00-05:00,total_sot_over11_5,Total partido — Remates a puerta — Más de 11.5,team,16.5763,93.75,180,39,21.6667,high,1,99.9999,0,99.9999,32047,5599,17.4712,false,,,line_not_offered,sot,Over_11_5|Over_11,false,probabilidad < 70%
2026-08-18,1607653,Sao Paulo vs Bolívar,CONMEBOL Sudamericana,2026-08-18T19:30:00-05:00,total_sot_under11_5,Total partido — Remates a puerta — Menos de 11.5,team,83.4237,93.75,180,141,78.3333,high,140,87.8066,83.5714,4.2352,32047,26448,82.5288,false,,,line_not_offered,sot,Under_11_5|Under_12,true,línea exacta no entregada por bet365/bwin
2026-08-18,1607653,Sao Paulo vs Bolívar,CONMEBOL Sudamericana,2026-08-18T19:30:00-05:00,total_sot_over12_5,Total partido — Remates a puerta — Más de 12.5,team,11.7628,93.75,180,22,12.2222,high,1,99.9999,0,99.9999,32047,3709,11.5736,false,,,line_not_offered,sot,Over_12_5|Over_12,false,probabilidad < 70%
2026-08-18,1607653,Sao Paulo vs Bolívar,CONMEBOL Sudamericana,2026-08-18T19:30:00-05:00,total_sot_under12_5,Total partido — Remates a puerta — Menos de 12.5,team,88.2372,93.75,180,158,87.7778,high,159,90.708,86.1635,4.5445,32047,28338,88.4264,false,,,line_not_offered,sot,Under_12_5|Under_13,true,línea exacta no entregada por bet365/bwin
2026-08-18,1607653,Sao Paulo vs Bolívar,CONMEBOL Sudamericana,2026-08-18T19:30:00-05:00,total_sot_over13_5,Total partido — Remates a puerta — Más de 13.5,team,7.3489,93.75,180,15,8.3333,high,1,99.9999,0,99.9999,32047,2283,7.1239,false,,,line_not_offered,sot,Over_13_5|Over_13,false,probabilidad < 70%
2026-08-18,1607653,Sao Paulo vs Bolívar,CONMEBOL Sudamericana,2026-08-18T19:30:00-05:00,total_sot_under13_5,Total partido — Remates a puerta — Menos de 13.5,team,92.6511,93.75,180,165,91.6667,daily90,97,94.3807,90.7216,3.6591,32047,29764,92.8761,false,,,line_not_offered,sot,Under_13_5|Under_14,true,línea exacta no entregada por bet365/bwin
2026-08-18,1607653,Sao Paulo vs Bolívar,CONMEBOL Sudamericana,2026-08-18T19:30:00-05:00,total_sot_over14_5,Total partido — Remates a puerta — Más de 14.5,team,5.9999,93.75,180,10,5.5556,high,1,99.9999,0,99.9999,32047,1333,4.1595,false,,,line_not_offered,sot,Over_14_5|Over_14,false,probabilidad < 70%
2026-08-18,1607653,Sao Paulo vs Bolívar,CONMEBOL Sudamericana,2026-08-18T19:30:00-05:00,total_sot_under14_5,Total partido — Remates a puerta — Menos de 14.5,team,94.0001,93.75,180,170,94.4444,daily90,54,95.2019,92.5926,2.6093,32047,30714,95.8405,false,,,line_not_offered,sot,Under_14_5|Under_15,true,línea exacta no entregada por bet365/bwin
2026-08-18,1607653,Sao Paulo vs Bolívar,CONMEBOL Sudamericana,2026-08-18T19:30:00-05:00,home_sot_over0_5,Sao Paulo — Remates a puerta — Más de 0.5,team,97.9764,93.75,180,172,95.5556,elite95,198,98.3331,97.4747,0.8583,32047,31342,97.8001,false,,,line_not_offered,homeSot,Over_0_5|Over_0,true,línea exacta no entregada por bet365/bwin
2026-08-18,1607653,Sao Paulo vs Bolívar,CONMEBOL Sudamericana,2026-08-18T19:30:00-05:00,home_sot_under0_5,Sao Paulo — Remates a puerta — Menos de 0.5,team,2.0236,93.75,180,8,4.4444,high,0,,,,32047,705,2.1999,false,,,line_not_offered,homeSot,Under_0_5|Under_1,false,probabilidad < 70%
2026-08-18,1607653,Sao Paulo vs Bolívar,CONMEBOL Sudamericana,2026-08-18T19:30:00-05:00,home_sot_over1_5,Sao Paulo — Remates a puerta — Más de 1.5,team,81.1587,93.75,180,158,87.7778,high,191,91.2263,91.0995,0.1268,32047,29319,91.4875,false,,,line_not_offered,homeSot,Over_1_5|Over_1,true,línea exacta no entregada por bet365/bwin
2026-08-18,1607653,Sao Paulo vs Bolívar,CONMEBOL Sudamericana,2026-08-18T19:30:00-05:00,home_sot_under1_5,Sao Paulo — Remates a puerta — Menos de 1.5,team,18.8413,93.75,180,22,12.2222,high,0,,,,32047,2728,8.5125,false,,,line_not_offered,homeSot,Under_1_5|Under_2,false,probabilidad < 70%
2026-08-18,1607653,Sao Paulo vs Bolívar,CONMEBOL Sudamericana,2026-08-18T19:30:00-05:00,home_sot_over2_5,Sao Paulo — Remates a puerta — Más de 2.5,team,69.3081,93.75,180,135,75,high,59,88.4999,84.7458,3.7542,32047,25667,80.0917,false,,,line_not_offered,homeSot,Over_2_5|Over_2,false,probabilidad < 70%
2026-08-18,1607653,Sao Paulo vs Bolívar,CONMEBOL Sudamericana,2026-08-18T19:30:00-05:00,home_sot_under2_5,Sao Paulo — Remates a puerta — Menos de 2.5,team,30.6919,93.75,180,45,25,high,0,,,,32047,6380,19.9083,false,,,line_not_offered,homeSot,Under_2_5|Under_3,false,probabilidad < 70%
2026-08-18,1607653,Sao Paulo vs Bolívar,CONMEBOL Sudamericana,2026-08-18T19:30:00-05:00,home_sot_over3_5,Sao Paulo — Remates a puerta — Más de 3.5,team,58.0162,93.75,180,95,52.7778,high,20,84.681,75,9.681,32047,20716,64.6426,false,,,line_not_offered,homeSot,Over_3_5|Over_3,false,probabilidad < 70%
2026-08-18,1607653,Sao Paulo vs Bolívar,CONMEBOL Sudamericana,2026-08-18T19:30:00-05:00,home_sot_under3_5,Sao Paulo — Remates a puerta — Menos de 3.5,team,41.9838,93.75,180,85,47.2222,high,3,82.9004,33.3333,49.567,32047,11331,35.3574,false,,,line_not_offered,homeSot,Under_3_5|Under_4,false,probabilidad < 70%
2026-08-18,1607653,Sao Paulo vs Bolívar,CONMEBOL Sudamericana,2026-08-18T19:30:00-05:00,home_sot_over4_5,Sao Paulo — Remates a puerta — Más de 4.5,team,36.1516,93.75,180,63,35,high,2,91.9663,50,41.9663,32047,15538,48.485,false,,,line_not_offered,homeSot,Over_4_5|Over_4,false,probabilidad < 70%
2026-08-18,1607653,Sao Paulo vs Bolívar,CONMEBOL Sudamericana,2026-08-18T19:30:00-05:00,home_sot_under4_5,Sao Paulo — Remates a puerta — Menos de 4.5,team,63.8484,93.75,180,117,65,high,21,85.3853,61.9048,23.4806,32047,16509,51.515,false,,,line_not_offered,homeSot,Under_4_5|Under_5,false,probabilidad < 70%
2026-08-18,1607653,Sao Paulo vs Bolívar,CONMEBOL Sudamericana,2026-08-18T19:30:00-05:00,home_sot_over5_5,Sao Paulo — Remates a puerta — Más de 5.5,team,29.2346,93.75,180,48,26.6667,high,0,,,,32047,10943,34.1467,false,,,line_not_offered,homeSot,Over_5_5|Over_5,false,probabilidad < 70%
2026-08-18,1607653,Sao Paulo vs Bolívar,CONMEBOL Sudamericana,2026-08-18T19:30:00-05:00,home_sot_under5_5,Sao Paulo — Remates a puerta — Menos de 5.5,team,70.7654,93.75,180,132,73.3333,high,68,85.9636,73.5294,12.4342,32047,21104,65.8533,false,,,line_not_offered,homeSot,Under_5_5|Under_6,false,línea exacta no entregada por bet365/bwin
2026-08-18,1607653,Sao Paulo vs Bolívar,CONMEBOL Sudamericana,2026-08-18T19:30:00-05:00,home_sot_over6_5,Sao Paulo — Remates a puerta — Más de 6.5,team,14.2611,93.75,180,30,16.6667,high,0,,,,32047,7190,22.4358,false,,,line_not_offered,homeSot,Over_6_5|Over_6,false,probabilidad < 70%
2026-08-18,1607653,Sao Paulo vs Bolívar,CONMEBOL Sudamericana,2026-08-18T19:30:00-05:00,home_sot_under6_5,Sao Paulo — Remates a puerta — Menos de 6.5,team,85.7389,93.75,180,150,83.3333,high,150,88.2074,79.3333,8.8741,32047,24857,77.5642,false,,,line_not_offered,homeSot,Under_6_5|Under_7,true,línea exacta no entregada por bet365/bwin
2026-08-18,1607653,Sao Paulo vs Bolívar,CONMEBOL Sudamericana,2026-08-18T19:30:00-05:00,home_sot_over7_5,Sao Paulo — Remates a puerta — Más de 7.5,team,8.9791,93.75,180,20,11.1111,high,0,,,,32047,4560,14.2291,false,,,line_not_offered,homeSot,Over_7_5|Over_7,false,probabilidad < 70%
2026-08-18,1607653,Sao Paulo vs Bolívar,CONMEBOL Sudamericana,2026-08-18T19:30:00-05:00,home_sot_under7_5,Sao Paulo — Remates a puerta — Menos de 7.5,team,91.0209,93.75,180,160,88.8889,daily90,102,93.9248,89.2157,4.7091,32047,27487,85.7709,false,,,line_not_offered,homeSot,Under_7_5|Under_8,true,línea exacta no entregada por bet365/bwin
2026-08-18,1607653,Sao Paulo vs Bolívar,CONMEBOL Sudamericana,2026-08-18T19:30:00-05:00,home_sot_over8_5,Sao Paulo — Remates a puerta — Más de 8.5,team,6.281,93.75,180,10,5.5556,high,0,,,,32047,2720,8.4875,false,,,line_not_offered,homeSot,Over_8_5|Over_8,false,probabilidad < 70%
2026-08-18,1607653,Sao Paulo vs Bolívar,CONMEBOL Sudamericana,2026-08-18T19:30:00-05:00,home_sot_under8_5,Sao Paulo — Remates a puerta — Menos de 8.5,team,93.719,93.75,180,170,94.4444,daily90,78,94.2149,91.0256,3.1892,32047,29327,91.5125,false,,,line_not_offered,homeSot,Under_8_5|Under_9,true,línea exacta no entregada por bet365/bwin
2026-08-18,1607653,Sao Paulo vs Bolívar,CONMEBOL Sudamericana,2026-08-18T19:30:00-05:00,away_sot_over0_5,Bolívar — Remates a puerta — Más de 0.5,team,95.0759,93.75,180,174,96.6667,elite95,200,98.5471,94,4.5471,32047,30641,95.6127,false,,,line_not_offered,awaySot,Over_0_5|Over_0,true,línea exacta no entregada por bet365/bwin
2026-08-18,1607653,Sao Paulo vs Bolívar,CONMEBOL Sudamericana,2026-08-18T19:30:00-05:00,away_sot_under0_5,Bolívar — Remates a puerta — Menos de 0.5,team,4.9241,93.75,180,6,3.3333,high,0,,,,32047,1406,4.3873,false,,,line_not_offered,awaySot,Under_0_5|Under_1,false,probabilidad < 70%
2026-08-18,1607653,Sao Paulo vs Bolívar,CONMEBOL Sudamericana,2026-08-18T19:30:00-05:00,away_sot_over1_5,Bolívar — Remates a puerta — Más de 1.5,team,80.6103,93.75,180,155,86.1111,high,199,92.0661,82.9146,9.1515,32047,27104,84.5758,false,,,line_not_offered,awaySot,Over_1_5|Over_1,true,línea exacta no entregada por bet365/bwin
2026-08-18,1607653,Sao Paulo vs Bolívar,CONMEBOL Sudamericana,2026-08-18T19:30:00-05:00,away_sot_under1_5,Bolívar — Remates a puerta — Menos de 1.5,team,19.3897,93.75,180,25,13.8889,high,0,,,,32047,4943,15.4242,false,,,line_not_offered,awaySot,Under_1_5|Under_2,false,probabilidad < 70%
2026-08-18,1607653,Sao Paulo vs Bolívar,CONMEBOL Sudamericana,2026-08-18T19:30:00-05:00,away_sot_over2_5,Bolívar — Remates a puerta — Más de 2.5,team,65.7603,93.75,180,132,73.3333,high,87,88.5745,75.8621,12.7124,32047,21795,68.0095,false,,,line_not_offered,awaySot,Over_2_5|Over_2,false,probabilidad < 70%
2026-08-18,1607653,Sao Paulo vs Bolívar,CONMEBOL Sudamericana,2026-08-18T19:30:00-05:00,away_sot_under2_5,Bolívar — Remates a puerta — Menos de 2.5,team,34.2397,93.75,180,48,26.6667,high,0,,,,32047,10252,31.9905,false,,,line_not_offered,awaySot,Under_2_5|Under_3,false,probabilidad < 70%
2026-08-18,1607653,Sao Paulo vs Bolívar,CONMEBOL Sudamericana,2026-08-18T19:30:00-05:00,away_sot_over3_5,Bolívar — Remates a puerta — Más de 3.5,team,54.7833,93.75,180,103,57.2222,high,34,85.4449,73.5294,11.9155,32047,15921,49.6802,false,,,line_not_offered,awaySot,Over_3_5|Over_3,false,probabilidad < 70%
2026-08-18,1607653,Sao Paulo vs Bolívar,CONMEBOL Sudamericana,2026-08-18T19:30:00-05:00,away_sot_under3_5,Bolívar — Remates a puerta — Menos de 3.5,team,45.2167,93.75,180,77,42.7778,high,1,82.2507,0,82.2507,32047,16126,50.3198,false,,,line_not_offered,awaySot,Under_3_5|Under_4,false,probabilidad < 70%
2026-08-18,1607653,Sao Paulo vs Bolívar,CONMEBOL Sudamericana,2026-08-18T19:30:00-05:00,away_sot_over4_5,Bolívar — Remates a puerta — Más de 4.5,team,40.3528,93.75,180,82,45.5556,high,4,88.0326,75,13.0326,32047,10650,33.2324,false,,,line_not_offered,awaySot,Over_4_5|Over_4,false,probabilidad < 70%
2026-08-18,1607653,Sao Paulo vs Bolívar,CONMEBOL Sudamericana,2026-08-18T19:30:00-05:00,away_sot_under4_5,Bolívar — Remates a puerta — Menos de 4.5,team,59.6472,93.75,180,98,54.4444,high,16,83.3242,68.75,14.5742,32047,21397,66.7676,false,,,line_not_offered,awaySot,Under_4_5|Under_5,false,probabilidad < 70%
2026-08-18,1607653,Sao Paulo vs Bolívar,CONMEBOL Sudamericana,2026-08-18T19:30:00-05:00,away_sot_over5_5,Bolívar — Remates a puerta — Más de 5.5,team,29.6368,93.75,180,61,33.8889,high,1,99.9999,0,99.9999,32047,6713,20.9474,false,,,line_not_offered,awaySot,Over_5_5|Over_5,false,probabilidad < 70%
2026-08-18,1607653,Sao Paulo vs Bolívar,CONMEBOL Sudamericana,2026-08-18T19:30:00-05:00,away_sot_under5_5,Bolívar — Remates a puerta — Menos de 5.5,team,70.3632,93.75,180,119,66.1111,high,57,85.9233,82.4561,3.4671,32047,25334,79.0526,false,,,line_not_offered,awaySot,Under_5_5|Under_6,false,línea exacta no entregada por bet365/bwin
2026-08-18,1607653,Sao Paulo vs Bolívar,CONMEBOL Sudamericana,2026-08-18T19:30:00-05:00,away_sot_over6_5,Bolívar — Remates a puerta — Más de 6.5,team,19.4727,93.75,180,45,25,high,1,99.9999,0,99.9999,32047,3935,12.2788,false,,,line_not_offered,awaySot,Over_6_5|Over_6,false,probabilidad < 70%
2026-08-18,1607653,Sao Paulo vs Bolívar,CONMEBOL Sudamericana,2026-08-18T19:30:00-05:00,away_sot_under6_5,Bolívar — Remates a puerta — Menos de 6.5,team,80.5273,93.75,180,135,75,high,141,88.1071,88.6525,0.5454,32047,28112,87.7212,false,,,line_not_offered,awaySot,Under_6_5|Under_7,true,línea exacta no entregada por bet365/bwin
2026-08-18,1607653,Sao Paulo vs Bolívar,CONMEBOL Sudamericana,2026-08-18T19:30:00-05:00,away_sot_over7_5,Bolívar — Remates a puerta — Más de 7.5,team,13.4062,93.75,180,32,17.7778,high,1,99.9999,0,99.9999,32047,2242,6.996,false,,,line_not_offered,awaySot,Over_7_5|Over_7,false,probabilidad < 70%
2026-08-18,1607653,Sao Paulo vs Bolívar,CONMEBOL Sudamericana,2026-08-18T19:30:00-05:00,away_sot_under7_5,Bolívar — Remates a puerta — Menos de 7.5,team,86.5938,93.75,180,148,82.2222,high,162,91.913,91.358,0.555,32047,29805,93.004,false,,,line_not_offered,awaySot,Under_7_5|Under_8,true,línea exacta no entregada por bet365/bwin
2026-08-18,1607653,Sao Paulo vs Bolívar,CONMEBOL Sudamericana,2026-08-18T19:30:00-05:00,away_sot_over8_5,Bolívar — Remates a puerta — Más de 8.5,team,3.9113,93.75,180,15,8.3333,high,1,99.9999,0,99.9999,32047,1275,3.9785,false,,,line_not_offered,awaySot,Over_8_5|Over_8,false,probabilidad < 70%
2026-08-18,1607653,Sao Paulo vs Bolívar,CONMEBOL Sudamericana,2026-08-18T19:30:00-05:00,away_sot_under8_5,Bolívar — Remates a puerta — Menos de 8.5,team,96.0887,93.75,180,165,91.6667,elite95,35,96.6922,91.4286,5.2636,32047,30772,96.0215,false,,,line_not_offered,awaySot,Under_8_5|Under_9,true,línea exacta no entregada por bet365/bwin
2026-08-18,1607653,Sao Paulo vs Bolívar,CONMEBOL Sudamericana,2026-08-18T19:30:00-05:00,away_sot_over9_5,Bolívar — Remates a puerta — Más de 9.5,team,2.7369,93.75,180,11,6.1111,high,1,99.9999,0,99.9999,32047,715,2.2311,false,,,line_not_offered,awaySot,Over_9_5|Over_9,false,probabilidad < 70%
2026-08-18,1607653,Sao Paulo vs Bolívar,CONMEBOL Sudamericana,2026-08-18T19:30:00-05:00,away_sot_under9_5,Bolívar — Remates a puerta — Menos de 9.5,team,97.2631,93.75,180,169,93.8889,elite95,23,96.6933,91.3043,5.389,32047,31332,97.7689,false,,,line_not_offered,awaySot,Under_9_5|Under_10,true,línea exacta no entregada por bet365/bwin
2026-08-18,1607653,Sao Paulo vs Bolívar,CONMEBOL Sudamericana,2026-08-18T19:30:00-05:00,total_fouls_over0_5,Total partido — Faltas — Más de 0.5,team,100,93.75,180,180,100,elite95,226,99.9556,99.5575,0.3981,32027,31989,99.8814,false,,,line_not_offered,fouls,Over_0_5|Over_0,true,línea exacta no entregada por bet365/bwin
2026-08-18,1607653,Sao Paulo vs Bolívar,CONMEBOL Sudamericana,2026-08-18T19:30:00-05:00,total_fouls_under0_5,Total partido — Faltas — Menos de 0.5,team,0,93.75,180,0,0,high,0,,,,32027,38,0.1186,false,,,line_not_offered,fouls,Under_0_5|Under_1,false,probabilidad < 70%
2026-08-18,1607653,Sao Paulo vs Bolívar,CONMEBOL Sudamericana,2026-08-18T19:30:00-05:00,total_fouls_over1_5,Total partido — Faltas — Más de 1.5,team,100,93.75,180,180,100,elite95,226,99.9252,99.115,0.8101,32027,31964,99.8033,false,,,line_not_offered,fouls,Over_1_5|Over_1,true,línea exacta no entregada por bet365/bwin
2026-08-18,1607653,Sao Paulo vs Bolívar,CONMEBOL Sudamericana,2026-08-18T19:30:00-05:00,total_fouls_under1_5,Total partido — Faltas — Menos de 1.5,team,0,93.75,180,0,0,high,0,,,,32027,63,0.1967,false,,,line_not_offered,fouls,Under_1_5|Under_2,false,probabilidad < 70%
2026-08-18,1607653,Sao Paulo vs Bolívar,CONMEBOL Sudamericana,2026-08-18T19:30:00-05:00,total_fouls_over2_5,Total partido — Faltas — Más de 2.5,team,100,93.75,180,180,100,elite95,226,99.9014,99.115,0.7864,32027,31932,99.7034,false,,,line_not_offered,fouls,Over_2_5|Over_2,true,línea exacta no entregada por bet365/bwin
2026-08-18,1607653,Sao Paulo vs Bolívar,CONMEBOL Sudamericana,2026-08-18T19:30:00-05:00,total_fouls_under2_5,Total partido — Faltas — Menos de 2.5,team,0,93.75,180,0,0,high,0,,,,32027,95,0.2966,false,,,line_not_offered,fouls,Under_2_5|Under_3,false,probabilidad < 70%
2026-08-18,1607653,Sao Paulo vs Bolívar,CONMEBOL Sudamericana,2026-08-18T19:30:00-05:00,total_fouls_over3_5,Total partido — Faltas — Más de 3.5,team,100,93.75,180,180,100,elite95,226,99.8786,99.115,0.7636,32027,31903,99.6128,false,,,line_not_offered,fouls,Over_3_5|Over_3,true,línea exacta no entregada por bet365/bwin
2026-08-18,1607653,Sao Paulo vs Bolívar,CONMEBOL Sudamericana,2026-08-18T19:30:00-05:00,total_fouls_under3_5,Total partido — Faltas — Menos de 3.5,team,0,93.75,180,0,0,high,0,,,,32027,124,0.3872,false,,,line_not_offered,fouls,Under_3_5|Under_4,false,probabilidad < 70%
2026-08-18,1607653,Sao Paulo vs Bolívar,CONMEBOL Sudamericana,2026-08-18T19:30:00-05:00,total_fouls_over4_5,Total partido — Faltas — Más de 4.5,team,100,93.75,180,180,100,elite95,225,99.89,98.6667,1.2233,32027,31889,99.5691,false,,,line_not_offered,fouls,Over_4_5|Over_4,true,línea exacta no entregada por bet365/bwin
2026-08-18,1607653,Sao Paulo vs Bolívar,CONMEBOL Sudamericana,2026-08-18T19:30:00-05:00,total_fouls_under4_5,Total partido — Faltas — Menos de 4.5,team,0,93.75,180,0,0,high,0,,,,32027,138,0.4309,false,,,line_not_offered,fouls,Under_4_5|Under_5,false,probabilidad < 70%
2026-08-18,1607653,Sao Paulo vs Bolívar,CONMEBOL Sudamericana,2026-08-18T19:30:00-05:00,total_fouls_over5_5,Total partido — Faltas — Más de 5.5,team,100,93.75,180,180,100,elite95,224,99.9005,98.2143,1.6863,32027,31875,99.5254,false,,,line_not_offered,fouls,Over_5_5|Over_5,true,línea exacta no entregada por bet365/bwin
2026-08-18,1607653,Sao Paulo vs Bolívar,CONMEBOL Sudamericana,2026-08-18T19:30:00-05:00,total_fouls_under5_5,Total partido — Faltas — Menos de 5.5,team,0,93.75,180,0,0,high,0,,,,32027,152,0.4746,false,,,line_not_offered,fouls,Under_5_5|Under_6,false,probabilidad < 70%
2026-08-18,1607653,Sao Paulo vs Bolívar,CONMEBOL Sudamericana,2026-08-18T19:30:00-05:00,total_fouls_over6_5,Total partido — Faltas — Más de 6.5,team,100,93.75,180,180,100,elite95,224,99.8887,97.7679,2.1208,32027,31861,99.4817,false,,,line_not_offered,fouls,Over_6_5|Over_6,true,línea exacta no entregada por bet365/bwin
2026-08-18,1607653,Sao Paulo vs Bolívar,CONMEBOL Sudamericana,2026-08-18T19:30:00-05:00,total_fouls_under6_5,Total partido — Faltas — Menos de 6.5,team,0,93.75,180,0,0,high,0,,,,32027,166,0.5183,false,,,line_not_offered,fouls,Under_6_5|Under_7,false,probabilidad < 70%
2026-08-18,1607653,Sao Paulo vs Bolívar,CONMEBOL Sudamericana,2026-08-18T19:30:00-05:00,total_fouls_over7_5,Total partido — Faltas — Más de 7.5,team,100,93.75,180,180,100,elite95,224,99.866,97.7679,2.0982,32027,31847,99.438,false,,,line_not_offered,fouls,Over_7_5|Over_7,true,línea exacta no entregada por bet365/bwin
2026-08-18,1607653,Sao Paulo vs Bolívar,CONMEBOL Sudamericana,2026-08-18T19:30:00-05:00,total_fouls_under7_5,Total partido — Faltas — Menos de 7.5,team,0,93.75,180,0,0,high,0,,,,32027,180,0.562,false,,,line_not_offered,fouls,Under_7_5|Under_8,false,probabilidad < 70%
2026-08-18,1607653,Sao Paulo vs Bolívar,CONMEBOL Sudamericana,2026-08-18T19:30:00-05:00,total_fouls_over8_5,Total partido — Faltas — Más de 8.5,team,100,93.75,180,180,100,elite95,222,99.782,98.1982,1.5838,32027,31810,99.3224,false,,,line_not_offered,fouls,Over_8_5|Over_8,true,línea exacta no entregada por bet365/bwin
2026-08-18,1607653,Sao Paulo vs Bolívar,CONMEBOL Sudamericana,2026-08-18T19:30:00-05:00,total_fouls_under8_5,Total partido — Faltas — Menos de 8.5,team,0,93.75,180,0,0,high,0,,,,32027,217,0.6776,false,,,line_not_offered,fouls,Under_8_5|Under_9,false,probabilidad < 70%
2026-08-18,1607653,Sao Paulo vs Bolívar,CONMEBOL Sudamericana,2026-08-18T19:30:00-05:00,total_fouls_over9_5,Total partido — Faltas — Más de 9.5,team,100,93.75,180,180,100,elite95,220,99.7302,98.1818,1.5483,32027,31758,99.1601,false,,,line_not_offered,fouls,Over_9_5|Over_9,true,línea exacta no entregada por bet365/bwin
2026-08-18,1607653,Sao Paulo vs Bolívar,CONMEBOL Sudamericana,2026-08-18T19:30:00-05:00,total_fouls_under9_5,Total partido — Faltas — Menos de 9.5,team,0,93.75,180,0,0,high,0,,,,32027,269,0.8399,false,,,line_not_offered,fouls,Under_9_5|Under_10,false,probabilidad < 70%
2026-08-18,1607653,Sao Paulo vs Bolívar,CONMEBOL Sudamericana,2026-08-18T19:30:00-05:00,total_fouls_over10_5,Total partido — Faltas — Más de 10.5,team,99.3788,93.75,180,178,98.8889,elite95,219,99.6329,98.1735,1.4594,32027,31680,98.9165,false,,,line_not_offered,fouls,Over_10_5|Over_10,true,línea exacta no entregada por bet365/bwin
2026-08-18,1607653,Sao Paulo vs Bolívar,CONMEBOL Sudamericana,2026-08-18T19:30:00-05:00,total_fouls_under10_5,Total partido — Faltas — Menos de 10.5,team,0.6212,93.75,180,2,1.1111,high,0,,,,32027,347,1.0835,false,,,line_not_offered,fouls,Under_10_5|Under_11,false,probabilidad < 70%
2026-08-18,1607653,Sao Paulo vs Bolívar,CONMEBOL Sudamericana,2026-08-18T19:30:00-05:00,total_fouls_over11_5,Total partido — Faltas — Más de 11.5,team,99.1362,93.75,180,177,98.3333,elite95,217,99.4186,96.7742,2.6445,32027,31534,98.4607,false,,,line_not_offered,fouls,Over_11_5|Over_11,true,línea exacta no entregada por bet365/bwin
2026-08-18,1607653,Sao Paulo vs Bolívar,CONMEBOL Sudamericana,2026-08-18T19:30:00-05:00,total_fouls_under11_5,Total partido — Faltas — Menos de 11.5,team,0.8638,93.75,180,3,1.6667,high,0,,,,32027,493,1.5393,false,,,line_not_offered,fouls,Under_11_5|Under_12,false,probabilidad < 70%
2026-08-18,1607653,Sao Paulo vs Bolívar,CONMEBOL Sudamericana,2026-08-18T19:30:00-05:00,total_fouls_over12_5,Total partido — Faltas — Más de 12.5,team,99.1362,93.75,180,177,98.3333,elite95,212,99.0491,95.7547,3.2944,32027,31347,97.8768,false,,,line_not_offered,fouls,Over_12_5|Over_12,true,línea exacta no entregada por bet365/bwin
2026-08-18,1607653,Sao Paulo vs Bolívar,CONMEBOL Sudamericana,2026-08-18T19:30:00-05:00,total_fouls_under12_5,Total partido — Faltas — Menos de 12.5,team,0.8638,93.75,180,3,1.6667,high,0,,,,32027,680,2.1232,false,,,line_not_offered,fouls,Under_12_5|Under_13,false,probabilidad < 70%
2026-08-18,1607653,Sao Paulo vs Bolívar,CONMEBOL Sudamericana,2026-08-18T19:30:00-05:00,total_fouls_over13_5,Total partido — Faltas — Más de 13.5,team,98.8256,93.75,180,176,97.7778,elite95,193,98.6062,96.3731,2.2332,32027,31031,96.8901,false,,,line_not_offered,fouls,Over_13_5|Over_13,true,línea exacta no entregada por bet365/bwin
2026-08-18,1607653,Sao Paulo vs Bolívar,CONMEBOL Sudamericana,2026-08-18T19:30:00-05:00,total_fouls_under13_5,Total partido — Faltas — Menos de 13.5,team,1.1744,93.75,180,4,2.2222,high,0,,,,32027,996,3.1099,false,,,line_not_offered,fouls,Under_13_5|Under_14,false,probabilidad < 70%
2026-08-18,1607653,Sao Paulo vs Bolívar,CONMEBOL Sudamericana,2026-08-18T19:30:00-05:00,total_fouls_over14_5,Total partido — Faltas — Más de 14.5,team,98.8256,93.75,180,176,97.7778,elite95,172,98.2643,95.9302,2.3341,32027,30575,95.4663,false,,,line_not_offered,fouls,Over_14_5|Over_14,true,línea exacta no entregada por bet365/bwin
2026-08-18,1607653,Sao Paulo vs Bolívar,CONMEBOL Sudamericana,2026-08-18T19:30:00-05:00,total_fouls_under14_5,Total partido — Faltas — Menos de 14.5,team,1.1744,93.75,180,4,2.2222,high,0,,,,32027,1452,4.5337,false,,,line_not_offered,fouls,Under_14_5|Under_15,false,probabilidad < 70%
2026-08-18,1607653,Sao Paulo vs Bolívar,CONMEBOL Sudamericana,2026-08-18T19:30:00-05:00,total_fouls_over15_5,Total partido — Faltas — Más de 15.5,team,97.4086,93.75,180,171,95,elite95,136,97.8237,94.8529,2.9707,32027,29891,93.3306,false,,,line_not_offered,fouls,Over_15_5|Over_15,true,línea exacta no entregada por bet365/bwin
2026-08-18,1607653,Sao Paulo vs Bolívar,CONMEBOL Sudamericana,2026-08-18T19:30:00-05:00,total_fouls_under15_5,Total partido — Faltas — Menos de 15.5,team,2.5914,93.75,180,9,5,high,0,,,,32027,2136,6.6694,false,,,line_not_offered,fouls,Under_15_5|Under_16,false,probabilidad < 70%
2026-08-18,1607653,Sao Paulo vs Bolívar,CONMEBOL Sudamericana,2026-08-18T19:30:00-05:00,total_fouls_over16_5,Total partido — Faltas — Más de 16.5,team,93.7906,93.75,180,167,92.7778,daily90,151,95.8695,92.053,3.8165,32027,29100,90.8608,false,,,line_not_offered,fouls,Over_16_5|Over_16,true,línea exacta no entregada por bet365/bwin
2026-08-18,1607653,Sao Paulo vs Bolívar,CONMEBOL Sudamericana,2026-08-18T19:30:00-05:00,total_fouls_under16_5,Total partido — Faltas — Menos de 16.5,team,6.2094,93.75,180,13,7.2222,high,0,,,,32027,2927,9.1392,false,,,line_not_offered,fouls,Under_16_5|Under_17,false,probabilidad < 70%
2026-08-18,1607653,Sao Paulo vs Bolívar,CONMEBOL Sudamericana,2026-08-18T19:30:00-05:00,total_fouls_over17_5,Total partido — Faltas — Más de 17.5,team,93.3054,93.75,180,165,91.6667,daily90,120,95.066,90,5.066,32027,27985,87.3794,false,,,line_not_offered,fouls,Over_17_5|Over_17,true,línea exacta no entregada por bet365/bwin
2026-08-18,1607653,Sao Paulo vs Bolívar,CONMEBOL Sudamericana,2026-08-18T19:30:00-05:00,total_fouls_under17_5,Total partido — Faltas — Menos de 17.5,team,6.6946,93.75,180,15,8.3333,high,0,,,,32027,4042,12.6206,false,,,line_not_offered,fouls,Under_17_5|Under_18,false,probabilidad < 70%
2026-08-18,1607653,Sao Paulo vs Bolívar,CONMEBOL Sudamericana,2026-08-18T19:30:00-05:00,total_fouls_over18_5,Total partido — Faltas — Más de 18.5,team,88.4894,93.75,180,159,88.3333,high,154,90.3849,83.1169,7.268,32027,26624,83.1299,false,,,line_not_offered,fouls,Over_18_5|Over_18,true,línea exacta no entregada por bet365/bwin
2026-08-18,1607653,Sao Paulo vs Bolívar,CONMEBOL Sudamericana,2026-08-18T19:30:00-05:00,total_fouls_under18_5,Total partido — Faltas — Menos de 18.5,team,11.5106,93.75,180,21,11.6667,high,0,,,,32027,5403,16.8701,false,,,line_not_offered,fouls,Under_18_5|Under_19,false,probabilidad < 70%
2026-08-18,1607653,Sao Paulo vs Bolívar,CONMEBOL Sudamericana,2026-08-18T19:30:00-05:00,total_fouls_over19_5,Total partido — Faltas — Más de 19.5,team,81.0494,93.75,180,153,85,high,121,89.1598,72.7273,16.4326,32027,25067,78.2683,false,,,line_not_offered,fouls,Over_19_5|Over_19,true,línea exacta no entregada por bet365/bwin
2026-08-18,1607653,Sao Paulo vs Bolívar,CONMEBOL Sudamericana,2026-08-18T19:30:00-05:00,total_fouls_under19_5,Total partido — Faltas — Menos de 19.5,team,18.9506,93.75,180,27,15,high,1,80.2605,100,19.7395,32027,6960,21.7317,false,,,line_not_offered,fouls,Under_19_5|Under_20,false,probabilidad < 70%
2026-08-18,1607653,Sao Paulo vs Bolívar,CONMEBOL Sudamericana,2026-08-18T19:30:00-05:00,total_fouls_over20_5,Total partido — Faltas — Más de 20.5,team,76.4071,93.75,180,145,80.5556,high,91,87.9619,72.5275,15.4344,32027,23248,72.5888,false,,,line_not_offered,fouls,Over_20_5|Over_20,false,línea exacta no entregada por bet365/bwin
2026-08-18,1607653,Sao Paulo vs Bolívar,CONMEBOL Sudamericana,2026-08-18T19:30:00-05:00,total_fouls_under20_5,Total partido — Faltas — Menos de 20.5,team,23.5929,93.75,180,35,19.4444,high,1,83.8954,100,16.1046,32027,8779,27.4112,false,,,line_not_offered,fouls,Under_20_5|Under_21,false,probabilidad < 70%
2026-08-18,1607653,Sao Paulo vs Bolívar,CONMEBOL Sudamericana,2026-08-18T19:30:00-05:00,total_fouls_over21_5,Total partido — Faltas — Más de 21.5,team,66.0356,93.75,180,128,71.1111,high,60,87.0419,73.3333,13.7085,32027,21286,66.4627,false,,,line_not_offered,fouls,Over_21_5|Over_21,false,probabilidad < 70%
2026-08-18,1607653,Sao Paulo vs Bolívar,CONMEBOL Sudamericana,2026-08-18T19:30:00-05:00,total_fouls_under21_5,Total partido — Faltas — Menos de 21.5,team,33.9644,93.75,180,52,28.8889,high,2,85.3493,100,14.6507,32027,10741,33.5373,false,,,line_not_offered,fouls,Under_21_5|Under_22,false,probabilidad < 70%
2026-08-18,1607653,Sao Paulo vs Bolívar,CONMEBOL Sudamericana,2026-08-18T19:30:00-05:00,total_fouls_over22_5,Total partido — Faltas — Más de 22.5,team,62.4737,93.75,180,114,63.3333,high,34,86.1631,73.5294,12.6337,32027,19192,59.9244,false,,,line_not_offered,fouls,Over_22_5|Over_22,false,probabilidad < 70%
2026-08-18,1607653,Sao Paulo vs Bolívar,CONMEBOL Sudamericana,2026-08-18T19:30:00-05:00,total_fouls_under22_5,Total partido — Faltas — Menos de 22.5,team,37.5263,93.75,180,66,36.6667,high,3,86.2805,66.6667,19.6138,32027,12835,40.0756,false,,,line_not_offered,fouls,Under_22_5|Under_23,false,probabilidad < 70%
2026-08-18,1607653,Sao Paulo vs Bolívar,CONMEBOL Sudamericana,2026-08-18T19:30:00-05:00,total_fouls_over23_5,Total partido — Faltas — Más de 23.5,team,55.6448,93.75,180,107,59.4444,high,22,85.0934,77.2727,7.8206,32027,17045,53.2207,false,,,line_not_offered,fouls,Over_23_5|Over_23,false,probabilidad < 70%
2026-08-18,1607653,Sao Paulo vs Bolívar,CONMEBOL Sudamericana,2026-08-18T19:30:00-05:00,total_fouls_under23_5,Total partido — Faltas — Menos de 23.5,team,44.3552,93.75,180,73,40.5556,high,12,83.5859,75,8.5859,32027,14982,46.7793,false,,,line_not_offered,fouls,Under_23_5|Under_24,false,probabilidad < 70%
2026-08-18,1607653,Sao Paulo vs Bolívar,CONMEBOL Sudamericana,2026-08-18T19:30:00-05:00,total_fouls_over24_5,Total partido — Faltas — Más de 24.5,team,49.2191,93.75,180,96,53.3333,high,7,85.1658,85.7143,0.5485,32027,14928,46.6107,false,,,line_not_offered,fouls,Over_24_5|Over_24,false,probabilidad < 70%
2026-08-18,1607653,Sao Paulo vs Bolívar,CONMEBOL Sudamericana,2026-08-18T19:30:00-05:00,total_fouls_under24_5,Total partido — Faltas — Menos de 24.5,team,50.7809,93.75,180,84,46.6667,high,24,84.591,75,9.591,32027,17099,53.3893,false,,,line_not_offered,fouls,Under_24_5|Under_25,false,probabilidad < 70%
2026-08-18,1607653,Sao Paulo vs Bolívar,CONMEBOL Sudamericana,2026-08-18T19:30:00-05:00,total_fouls_over25_5,Total partido — Faltas — Más de 25.5,team,39.2563,93.75,180,84,46.6667,high,6,82.5781,83.3333,0.7552,32027,12896,40.266,false,,,line_not_offered,fouls,Over_25_5|Over_25,false,probabilidad < 70%
2026-08-18,1607653,Sao Paulo vs Bolívar,CONMEBOL Sudamericana,2026-08-18T19:30:00-05:00,total_fouls_under25_5,Total partido — Faltas — Menos de 25.5,team,60.7437,93.75,180,96,53.3333,high,35,85.6343,80,5.6343,32027,19131,59.734,false,,,line_not_offered,fouls,Under_25_5|Under_26,false,probabilidad < 70%
2026-08-18,1607653,Sao Paulo vs Bolívar,CONMEBOL Sudamericana,2026-08-18T19:30:00-05:00,total_fouls_over26_5,Total partido — Faltas — Más de 26.5,team,36.6556,93.75,180,75,41.6667,high,1,81.6174,100,18.3826,32027,10986,34.3023,false,,,line_not_offered,fouls,Over_26_5|Over_26,false,probabilidad < 70%
2026-08-18,1607653,Sao Paulo vs Bolívar,CONMEBOL Sudamericana,2026-08-18T19:30:00-05:00,total_fouls_under26_5,Total partido — Faltas — Menos de 26.5,team,63.3444,93.75,180,105,58.3333,high,55,86.6231,78.1818,8.4413,32027,21041,65.6977,false,,,line_not_offered,fouls,Under_26_5|Under_27,false,probabilidad < 70%
2026-08-18,1607653,Sao Paulo vs Bolívar,CONMEBOL Sudamericana,2026-08-18T19:30:00-05:00,total_fouls_over27_5,Total partido — Faltas — Más de 27.5,team,29.7767,93.75,180,59,32.7778,high,1,80.8802,100,19.1198,32027,9267,28.935,false,,,line_not_offered,fouls,Over_27_5|Over_27,false,probabilidad < 70%
2026-08-18,1607653,Sao Paulo vs Bolívar,CONMEBOL Sudamericana,2026-08-18T19:30:00-05:00,total_fouls_under27_5,Total partido — Faltas — Menos de 27.5,team,70.2233,93.75,180,121,67.2222,high,87,87.2513,78.1609,9.0903,32027,22760,71.065,false,,,line_not_offered,fouls,Under_27_5|Under_28,false,línea exacta no entregada por bet365/bwin
2026-08-18,1607653,Sao Paulo vs Bolívar,CONMEBOL Sudamericana,2026-08-18T19:30:00-05:00,total_fouls_over28_5,Total partido — Faltas — Más de 28.5,team,27.5639,93.75,180,51,28.3333,high,0,,,,32027,7649,23.883,false,,,line_not_offered,fouls,Over_28_5|Over_28,false,probabilidad < 70%
2026-08-18,1607653,Sao Paulo vs Bolívar,CONMEBOL Sudamericana,2026-08-18T19:30:00-05:00,total_fouls_under28_5,Total partido — Faltas — Menos de 28.5,team,72.4361,93.75,180,129,71.6667,high,113,88.5281,78.7611,9.767,32027,24378,76.117,false,,,line_not_offered,fouls,Under_28_5|Under_29,false,línea exacta no entregada por bet365/bwin
2026-08-18,1607653,Sao Paulo vs Bolívar,CONMEBOL Sudamericana,2026-08-18T19:30:00-05:00,total_fouls_over29_5,Total partido — Faltas — Más de 29.5,team,23.9926,93.75,180,38,21.1111,high,0,,,,32027,6239,19.4804,false,,,line_not_offered,fouls,Over_29_5|Over_29,false,probabilidad < 70%
2026-08-18,1607653,Sao Paulo vs Bolívar,CONMEBOL Sudamericana,2026-08-18T19:30:00-05:00,total_fouls_under29_5,Total partido — Faltas — Menos de 29.5,team,76.0074,93.75,180,142,78.8889,high,129,89.742,86.0465,3.6955,32027,25788,80.5196,false,,,line_not_offered,fouls,Under_29_5|Under_30,false,línea exacta no entregada por bet365/bwin
2026-08-18,1607653,Sao Paulo vs Bolívar,CONMEBOL Sudamericana,2026-08-18T19:30:00-05:00,total_fouls_over30_5,Total partido — Faltas — Más de 30.5,team,23.1288,93.75,180,35,19.4444,high,0,,,,32027,5033,15.7149,false,,,line_not_offered,fouls,Over_30_5|Over_30,false,probabilidad < 70%
2026-08-18,1607653,Sao Paulo vs Bolívar,CONMEBOL Sudamericana,2026-08-18T19:30:00-05:00,total_fouls_under30_5,Total partido — Faltas — Menos de 30.5,team,76.8712,93.75,180,145,80.5556,high,140,90.2323,90,0.2323,32027,26994,84.2851,false,,,line_not_offered,fouls,Under_30_5|Under_31,false,línea exacta no entregada por bet365/bwin
2026-08-18,1607653,Sao Paulo vs Bolívar,CONMEBOL Sudamericana,2026-08-18T19:30:00-05:00,total_fouls_over31_5,Total partido — Faltas — Más de 31.5,team,18.946,93.75,180,29,16.1111,high,0,,,,32027,3973,12.4052,false,,,line_not_offered,fouls,Over_31_5|Over_31,false,probabilidad < 70%
2026-08-18,1607653,Sao Paulo vs Bolívar,CONMEBOL Sudamericana,2026-08-18T19:30:00-05:00,total_fouls_under31_5,Total partido — Faltas — Menos de 31.5,team,81.054,93.75,180,151,83.8889,high,145,90.696,89.6552,1.0409,32027,28054,87.5948,false,,,line_not_offered,fouls,Under_31_5|Under_32,true,línea exacta no entregada por bet365/bwin
2026-08-18,1607653,Sao Paulo vs Bolívar,CONMEBOL Sudamericana,2026-08-18T19:30:00-05:00,total_fouls_over32_5,Total partido — Faltas — Más de 32.5,team,13.674,93.75,180,22,12.2222,high,0,,,,32027,3104,9.6918,false,,,line_not_offered,fouls,Over_32_5|Over_32,false,probabilidad < 70%
2026-08-18,1607653,Sao Paulo vs Bolívar,CONMEBOL Sudamericana,2026-08-18T19:30:00-05:00,total_fouls_under32_5,Total partido — Faltas — Menos de 32.5,team,86.326,93.75,180,158,87.7778,high,130,91.1313,92.3077,1.1764,32027,28923,90.3082,false,,,line_not_offered,fouls,Under_32_5|Under_33,true,línea exacta no entregada por bet365/bwin
2026-08-18,1607653,Sao Paulo vs Bolívar,CONMEBOL Sudamericana,2026-08-18T19:30:00-05:00,total_fouls_over33_5,Total partido — Faltas — Más de 33.5,team,12.5676,93.75,180,18,10,high,0,,,,32027,2382,7.4375,false,,,line_not_offered,fouls,Over_33_5|Over_33,false,probabilidad < 70%
2026-08-18,1607653,Sao Paulo vs Bolívar,CONMEBOL Sudamericana,2026-08-18T19:30:00-05:00,total_fouls_under33_5,Total partido — Faltas — Menos de 33.5,team,87.4324,93.75,180,162,90,high,108,91.7261,93.5185,1.7924,32027,29645,92.5625,false,,,line_not_offered,fouls,Under_33_5|Under_34,true,línea exacta no entregada por bet365/bwin
2026-08-18,1607653,Sao Paulo vs Bolívar,CONMEBOL Sudamericana,2026-08-18T19:30:00-05:00,total_fouls_over34_5,Total partido — Faltas — Más de 34.5,team,5.974,93.75,180,12,6.6667,high,0,,,,32027,1774,5.5391,false,,,line_not_offered,fouls,Over_34_5|Over_34,false,probabilidad < 70%
2026-08-18,1607653,Sao Paulo vs Bolívar,CONMEBOL Sudamericana,2026-08-18T19:30:00-05:00,total_fouls_under34_5,Total partido — Faltas — Menos de 34.5,team,94.026,93.75,180,168,93.3333,daily90,60,94.2916,93.3333,0.9582,32027,30253,94.4609,false,,,line_not_offered,fouls,Under_34_5|Under_35,true,línea exacta no entregada por bet365/bwin
2026-08-18,1607653,Sao Paulo vs Bolívar,CONMEBOL Sudamericana,2026-08-18T19:30:00-05:00,home_fouls_over0_5,Sao Paulo — Faltas cometidas — Más de 0.5,team,100,93.75,180,180,100,elite95,226,99.8995,99.115,0.7844,32027,31965,99.8064,false,,,line_not_offered,homeFouls,Over_0_5|Over_0,true,línea exacta no entregada por bet365/bwin
2026-08-18,1607653,Sao Paulo vs Bolívar,CONMEBOL Sudamericana,2026-08-18T19:30:00-05:00,home_fouls_under0_5,Sao Paulo — Faltas cometidas — Menos de 0.5,team,0,93.75,180,0,0,high,0,,,,32027,62,0.1936,false,,,line_not_offered,homeFouls,Under_0_5|Under_1,false,probabilidad < 70%
2026-08-18,1607653,Sao Paulo vs Bolívar,CONMEBOL Sudamericana,2026-08-18T19:30:00-05:00,home_fouls_over1_5,Sao Paulo — Faltas cometidas — Más de 1.5,team,100,93.75,180,180,100,elite95,226,99.8583,98.2301,1.6282,32027,31914,99.6472,false,,,line_not_offered,homeFouls,Over_1_5|Over_1,true,línea exacta no entregada por bet365/bwin
2026-08-18,1607653,Sao Paulo vs Bolívar,CONMEBOL Sudamericana,2026-08-18T19:30:00-05:00,home_fouls_under1_5,Sao Paulo — Faltas cometidas — Menos de 1.5,team,0,93.75,180,0,0,high,0,,,,32027,113,0.3528,false,,,line_not_offered,homeFouls,Under_1_5|Under_2,false,probabilidad < 70%
2026-08-18,1607653,Sao Paulo vs Bolívar,CONMEBOL Sudamericana,2026-08-18T19:30:00-05:00,home_fouls_over2_5,Sao Paulo — Faltas cometidas — Más de 2.5,team,100,93.75,180,180,100,elite95,226,99.7979,97.3451,2.4528,32027,31845,99.4317,false,,,line_not_offered,homeFouls,Over_2_5|Over_2,true,línea exacta no entregada por bet365/bwin
2026-08-18,1607653,Sao Paulo vs Bolívar,CONMEBOL Sudamericana,2026-08-18T19:30:00-05:00,home_fouls_under2_5,Sao Paulo — Faltas cometidas — Menos de 2.5,team,0,93.75,180,0,0,high,0,,,,32027,182,0.5683,false,,,line_not_offered,homeFouls,Under_2_5|Under_3,false,probabilidad < 70%
2026-08-18,1607653,Sao Paulo vs Bolívar,CONMEBOL Sudamericana,2026-08-18T19:30:00-05:00,home_fouls_over3_5,Sao Paulo — Faltas cometidas — Más de 3.5,team,99.4468,93.75,180,178,98.8889,elite95,223,99.5834,96.861,2.7224,32027,31709,99.0071,false,,,line_not_offered,homeFouls,Over_3_5|Over_3,true,línea exacta no entregada por bet365/bwin
2026-08-18,1607653,Sao Paulo vs Bolívar,CONMEBOL Sudamericana,2026-08-18T19:30:00-05:00,home_fouls_under3_5,Sao Paulo — Faltas cometidas — Menos de 3.5,team,0.5532,93.75,180,2,1.1111,high,0,,,,32027,318,0.9929,false,,,line_not_offered,homeFouls,Under_3_5|Under_4,false,probabilidad < 70%
2026-08-18,1607653,Sao Paulo vs Bolívar,CONMEBOL Sudamericana,2026-08-18T19:30:00-05:00,home_fouls_over4_5,Sao Paulo — Faltas cometidas — Más de 4.5,team,96.382,93.75,180,176,97.7778,elite95,214,99.0884,96.729,2.3594,32027,31395,98.0267,false,,,line_not_offered,homeFouls,Over_4_5|Over_4,true,línea exacta no entregada por bet365/bwin
2026-08-18,1607653,Sao Paulo vs Bolívar,CONMEBOL Sudamericana,2026-08-18T19:30:00-05:00,home_fouls_under4_5,Sao Paulo — Faltas cometidas — Menos de 4.5,team,3.618,93.75,180,4,2.2222,high,0,,,,32027,632,1.9733,false,,,line_not_offered,homeFouls,Under_4_5|Under_5,false,probabilidad < 70%
2026-08-18,1607653,Sao Paulo vs Bolívar,CONMEBOL Sudamericana,2026-08-18T19:30:00-05:00,home_fouls_over5_5,Sao Paulo — Faltas cometidas — Más de 5.5,team,94.8878,93.75,180,171,95,daily90,210,97.6225,95.7143,1.9082,32027,30759,96.0408,false,,,line_not_offered,homeFouls,Over_5_5|Over_5,true,línea exacta no entregada por bet365/bwin
2026-08-18,1607653,Sao Paulo vs Bolívar,CONMEBOL Sudamericana,2026-08-18T19:30:00-05:00,home_fouls_under5_5,Sao Paulo — Faltas cometidas — Menos de 5.5,team,5.1122,93.75,180,9,5,high,0,,,,32027,1268,3.9592,false,,,line_not_offered,homeFouls,Under_5_5|Under_6,false,probabilidad < 70%
2026-08-18,1607653,Sao Paulo vs Bolívar,CONMEBOL Sudamericana,2026-08-18T19:30:00-05:00,home_fouls_over6_5,Sao Paulo — Faltas cometidas — Más de 6.5,team,91.1307,93.75,180,169,93.8889,daily90,184,95.8834,93.4783,2.4051,32027,29708,92.7592,false,,,line_not_offered,homeFouls,Over_6_5|Over_6,true,línea exacta no entregada por bet365/bwin
2026-08-18,1607653,Sao Paulo vs Bolívar,CONMEBOL Sudamericana,2026-08-18T19:30:00-05:00,home_fouls_under6_5,Sao Paulo — Faltas cometidas — Menos de 6.5,team,8.8693,93.75,180,11,6.1111,high,0,,,,32027,2319,7.2408,false,,,line_not_offered,homeFouls,Under_6_5|Under_7,false,probabilidad < 70%
2026-08-18,1607653,Sao Paulo vs Bolívar,CONMEBOL Sudamericana,2026-08-18T19:30:00-05:00,home_fouls_over7_5,Sao Paulo — Faltas cometidas — Más de 7.5,team,86.9644,93.75,180,163,90.5556,high,187,91.8744,87.7005,4.1739,32027,28060,87.6136,false,,,line_not_offered,homeFouls,Over_7_5|Over_7,true,línea exacta no entregada por bet365/bwin
2026-08-18,1607653,Sao Paulo vs Bolívar,CONMEBOL Sudamericana,2026-08-18T19:30:00-05:00,home_fouls_under7_5,Sao Paulo — Faltas cometidas — Menos de 7.5,team,13.0356,93.75,180,17,9.4444,high,0,,,,32027,3967,12.3864,false,,,line_not_offered,homeFouls,Under_7_5|Under_8,false,probabilidad < 70%
2026-08-18,1607653,Sao Paulo vs Bolívar,CONMEBOL Sudamericana,2026-08-18T19:30:00-05:00,home_fouls_over8_5,Sao Paulo — Faltas cometidas — Más de 8.5,team,80.7912,93.75,180,149,82.7778,high,140,89.2324,85,4.2324,32027,25918,80.9255,false,,,line_not_offered,homeFouls,Over_8_5|Over_8,true,línea exacta no entregada por bet365/bwin
2026-08-18,1607653,Sao Paulo vs Bolívar,CONMEBOL Sudamericana,2026-08-18T19:30:00-05:00,home_fouls_under8_5,Sao Paulo — Faltas cometidas — Menos de 8.5,team,19.2088,93.75,180,31,17.2222,high,0,,,,32027,6109,19.0745,false,,,line_not_offered,homeFouls,Under_8_5|Under_9,false,probabilidad < 70%
2026-08-18,1607653,Sao Paulo vs Bolívar,CONMEBOL Sudamericana,2026-08-18T19:30:00-05:00,home_fouls_over9_5,Sao Paulo — Faltas cometidas — Más de 9.5,team,76.2882,93.75,180,133,73.8889,high,86,87.3708,79.0698,8.301,32027,23221,72.5044,false,,,line_not_offered,homeFouls,Over_9_5|Over_9,false,línea exacta no entregada por bet365/bwin
2026-08-18,1607653,Sao Paulo vs Bolívar,CONMEBOL Sudamericana,2026-08-18T19:30:00-05:00,home_fouls_under9_5,Sao Paulo — Faltas cometidas — Menos de 9.5,team,23.7118,93.75,180,47,26.1111,high,0,,,,32027,8806,27.4956,false,,,line_not_offered,homeFouls,Under_9_5|Under_10,false,probabilidad < 70%
2026-08-18,1607653,Sao Paulo vs Bolívar,CONMEBOL Sudamericana,2026-08-18T19:30:00-05:00,home_fouls_over10_5,Sao Paulo — Faltas cometidas — Más de 10.5,team,62.8683,93.75,180,114,63.3333,high,29,86.7569,79.3103,7.4466,32027,20070,62.6659,false,,,line_not_offered,homeFouls,Over_10_5|Over_10,false,probabilidad < 70%
2026-08-18,1607653,Sao Paulo vs Bolívar,CONMEBOL Sudamericana,2026-08-18T19:30:00-05:00,home_fouls_under10_5,Sao Paulo — Faltas cometidas — Menos de 10.5,team,37.1317,93.75,180,66,36.6667,high,0,,,,32027,11957,37.3341,false,,,line_not_offered,homeFouls,Under_10_5|Under_11,false,probabilidad < 70%
2026-08-18,1607653,Sao Paulo vs Bolívar,CONMEBOL Sudamericana,2026-08-18T19:30:00-05:00,home_fouls_over11_5,Sao Paulo — Faltas cometidas — Más de 11.5,team,52.2458,93.75,180,99,55,high,13,85.4052,61.5385,23.8667,32027,16894,52.7492,false,,,line_not_offered,homeFouls,Over_11_5|Over_11,false,probabilidad < 70%
2026-08-18,1607653,Sao Paulo vs Bolívar,CONMEBOL Sudamericana,2026-08-18T19:30:00-05:00,home_fouls_under11_5,Sao Paulo — Faltas cometidas — Menos de 11.5,team,47.7542,93.75,180,81,45,high,7,82.4229,71.4286,10.9943,32027,15133,47.2508,false,,,line_not_offered,homeFouls,Under_11_5|Under_12,false,probabilidad < 70%
2026-08-18,1607653,Sao Paulo vs Bolívar,CONMEBOL Sudamericana,2026-08-18T19:30:00-05:00,home_fouls_over12_5,Sao Paulo — Faltas cometidas — Más de 12.5,team,45.7619,93.75,180,84,46.6667,high,5,87.3943,80,7.3943,32027,13734,42.8826,false,,,line_not_offered,homeFouls,Over_12_5|Over_12,false,probabilidad < 70%
2026-08-18,1607653,Sao Paulo vs Bolívar,CONMEBOL Sudamericana,2026-08-18T19:30:00-05:00,home_fouls_under12_5,Sao Paulo — Faltas cometidas — Menos de 12.5,team,54.2381,93.75,180,96,53.3333,high,25,83.9161,80,3.9161,32027,18293,57.1174,false,,,line_not_offered,homeFouls,Under_12_5|Under_13,false,probabilidad < 70%
2026-08-18,1607653,Sao Paulo vs Bolívar,CONMEBOL Sudamericana,2026-08-18T19:30:00-05:00,home_fouls_over13_5,Sao Paulo — Faltas cometidas — Más de 13.5,team,38.3212,93.75,180,69,38.3333,high,1,89.4139,100,10.5861,32027,10834,33.8277,false,,,line_not_offered,homeFouls,Over_13_5|Over_13,false,probabilidad < 70%
2026-08-18,1607653,Sao Paulo vs Bolívar,CONMEBOL Sudamericana,2026-08-18T19:30:00-05:00,home_fouls_under13_5,Sao Paulo — Faltas cometidas — Menos de 13.5,team,61.6788,93.75,180,111,61.6667,high,56,86.0479,80.3571,5.6908,32027,21193,66.1723,false,,,line_not_offered,homeFouls,Under_13_5|Under_14,false,probabilidad < 70%
2026-08-18,1607653,Sao Paulo vs Bolívar,CONMEBOL Sudamericana,2026-08-18T19:30:00-05:00,home_fouls_over14_5,Sao Paulo — Faltas cometidas — Más de 14.5,team,32.7986,93.75,180,58,32.2222,high,0,,,,32027,8284,25.8657,false,,,line_not_offered,homeFouls,Over_14_5|Over_14,false,probabilidad < 70%
2026-08-18,1607653,Sao Paulo vs Bolívar,CONMEBOL Sudamericana,2026-08-18T19:30:00-05:00,home_fouls_under14_5,Sao Paulo — Faltas cometidas — Menos de 14.5,team,67.2014,93.75,180,122,67.7778,high,101,87.3743,82.1782,5.1961,32027,23743,74.1343,false,,,line_not_offered,homeFouls,Under_14_5|Under_15,false,probabilidad < 70%
2026-08-18,1607653,Sao Paulo vs Bolívar,CONMEBOL Sudamericana,2026-08-18T19:30:00-05:00,home_fouls_over15_5,Sao Paulo — Faltas cometidas — Más de 15.5,team,29.2496,93.75,180,46,25.5556,high,0,,,,32027,6117,19.0995,false,,,line_not_offered,homeFouls,Over_15_5|Over_15,false,probabilidad < 70%
2026-08-18,1607653,Sao Paulo vs Bolívar,CONMEBOL Sudamericana,2026-08-18T19:30:00-05:00,home_fouls_under15_5,Sao Paulo — Faltas cometidas — Menos de 15.5,team,70.7504,93.75,180,134,74.4444,high,134,89.1663,90.2985,1.1322,32027,25910,80.9005,false,,,line_not_offered,homeFouls,Under_15_5|Under_16,false,línea exacta no entregada por bet365/bwin
2026-08-18,1607653,Sao Paulo vs Bolívar,CONMEBOL Sudamericana,2026-08-18T19:30:00-05:00,home_fouls_over16_5,Sao Paulo — Faltas cometidas — Más de 16.5,team,18.8622,93.75,180,32,17.7778,high,0,,,,32027,4289,13.3918,false,,,line_not_offered,homeFouls,Over_16_5|Over_16,false,probabilidad < 70%
2026-08-18,1607653,Sao Paulo vs Bolívar,CONMEBOL Sudamericana,2026-08-18T19:30:00-05:00,home_fouls_under16_5,Sao Paulo — Faltas cometidas — Menos de 16.5,team,81.1378,93.75,180,148,82.2222,high,157,90.7065,89.8089,0.8976,32027,27738,86.6082,false,,,line_not_offered,homeFouls,Under_16_5|Under_17,true,línea exacta no entregada por bet365/bwin
2026-08-18,1607653,Sao Paulo vs Bolívar,CONMEBOL Sudamericana,2026-08-18T19:30:00-05:00,home_fouls_over17_5,Sao Paulo — Faltas cometidas — Más de 17.5,team,14.0625,93.75,180,24,13.3333,high,0,,,,32027,2987,9.3265,false,,,line_not_offered,homeFouls,Over_17_5|Over_17,false,probabilidad < 70%
2026-08-18,1607653,Sao Paulo vs Bolívar,CONMEBOL Sudamericana,2026-08-18T19:30:00-05:00,home_fouls_under17_5,Sao Paulo — Faltas cometidas — Menos de 17.5,team,85.9375,93.75,180,156,86.6667,high,137,91.7935,92.7007,0.9072,32027,29040,90.6735,false,,,line_not_offered,homeFouls,Under_17_5|Under_18,true,línea exacta no entregada por bet365/bwin
2026-08-18,1607653,Sao Paulo vs Bolívar,CONMEBOL Sudamericana,2026-08-18T19:30:00-05:00,home_fouls_over18_5,Sao Paulo — Faltas cometidas — Más de 18.5,team,11.2285,93.75,180,14,7.7778,high,0,,,,32027,2052,6.4071,false,,,line_not_offered,homeFouls,Over_18_5|Over_18,false,probabilidad < 70%
2026-08-18,1607653,Sao Paulo vs Bolívar,CONMEBOL Sudamericana,2026-08-18T19:30:00-05:00,home_fouls_under18_5,Sao Paulo — Faltas cometidas — Menos de 18.5,team,88.7715,93.75,180,166,92.2222,high,107,92.7138,92.5234,0.1905,32027,29975,93.5929,false,,,line_not_offered,homeFouls,Under_18_5|Under_19,true,línea exacta no entregada por bet365/bwin
2026-08-18,1607653,Sao Paulo vs Bolívar,CONMEBOL Sudamericana,2026-08-18T19:30:00-05:00,away_fouls_over0_5,Bolívar — Faltas cometidas — Más de 0.5,team,100,93.75,180,180,100,elite95,226,99.9212,99.5575,0.3637,32027,31949,99.7565,false,,,line_not_offered,awayFouls,Over_0_5|Over_0,true,línea exacta no entregada por bet365/bwin
2026-08-18,1607653,Sao Paulo vs Bolívar,CONMEBOL Sudamericana,2026-08-18T19:30:00-05:00,away_fouls_under0_5,Bolívar — Faltas cometidas — Menos de 0.5,team,0,93.75,180,0,0,high,0,,,,32027,78,0.2435,false,,,line_not_offered,awayFouls,Under_0_5|Under_1,false,probabilidad < 70%
2026-08-18,1607653,Sao Paulo vs Bolívar,CONMEBOL Sudamericana,2026-08-18T19:30:00-05:00,away_fouls_over1_5,Bolívar — Faltas cometidas — Más de 1.5,team,100,93.75,180,180,100,elite95,226,99.8275,99.115,0.7125,32027,31892,99.5785,false,,,line_not_offered,awayFouls,Over_1_5|Over_1,true,línea exacta no entregada por bet365/bwin
2026-08-18,1607653,Sao Paulo vs Bolívar,CONMEBOL Sudamericana,2026-08-18T19:30:00-05:00,away_fouls_under1_5,Bolívar — Faltas cometidas — Menos de 1.5,team,0,93.75,180,0,0,high,0,,,,32027,135,0.4215,false,,,line_not_offered,awayFouls,Under_1_5|Under_2,false,probabilidad < 70%
2026-08-18,1607653,Sao Paulo vs Bolívar,CONMEBOL Sudamericana,2026-08-18T19:30:00-05:00,away_fouls_over2_5,Bolívar — Faltas cometidas — Más de 2.5,team,100,93.75,180,180,100,elite95,223,99.8022,98.6547,1.1475,32027,31826,99.3724,false,,,line_not_offered,awayFouls,Over_2_5|Over_2,true,línea exacta no entregada por bet365/bwin
2026-08-18,1607653,Sao Paulo vs Bolívar,CONMEBOL Sudamericana,2026-08-18T19:30:00-05:00,away_fouls_under2_5,Bolívar — Faltas cometidas — Menos de 2.5,team,0,93.75,180,0,0,high,0,,,,32027,201,0.6276,false,,,line_not_offered,awayFouls,Under_2_5|Under_3,false,probabilidad < 70%
2026-08-18,1607653,Sao Paulo vs Bolívar,CONMEBOL Sudamericana,2026-08-18T19:30:00-05:00,away_fouls_over3_5,Bolívar — Faltas cometidas — Más de 3.5,team,100,93.75,180,180,100,elite95,222,99.6469,98.1982,1.4487,32027,31692,98.954,false,,,line_not_offered,awayFouls,Over_3_5|Over_3,true,línea exacta no entregada por bet365/bwin
2026-08-18,1607653,Sao Paulo vs Bolívar,CONMEBOL Sudamericana,2026-08-18T19:30:00-05:00,away_fouls_under3_5,Bolívar — Faltas cometidas — Menos de 3.5,team,0,93.75,180,0,0,high,0,,,,32027,335,1.046,false,,,line_not_offered,awayFouls,Under_3_5|Under_4,false,probabilidad < 70%
2026-08-18,1607653,Sao Paulo vs Bolívar,CONMEBOL Sudamericana,2026-08-18T19:30:00-05:00,away_fouls_over4_5,Bolívar — Faltas cometidas — Más de 4.5,team,100,93.75,180,180,100,elite95,206,99.1652,97.0874,2.0778,32027,31371,97.9517,false,,,line_not_offered,awayFouls,Over_4_5|Over_4,true,línea exacta no entregada por bet365/bwin
2026-08-18,1607653,Sao Paulo vs Bolívar,CONMEBOL Sudamericana,2026-08-18T19:30:00-05:00,away_fouls_under4_5,Bolívar — Faltas cometidas — Menos de 4.5,team,0,93.75,180,0,0,high,0,,,,32027,656,2.0483,false,,,line_not_offered,awayFouls,Under_4_5|Under_5,false,probabilidad < 70%
2026-08-18,1607653,Sao Paulo vs Bolívar,CONMEBOL Sudamericana,2026-08-18T19:30:00-05:00,away_fouls_over5_5,Bolívar — Faltas cometidas — Más de 5.5,team,99.059,93.75,180,177,98.3333,elite95,177,98.3936,97.1751,1.2184,32027,30760,96.044,false,,,line_not_offered,awayFouls,Over_5_5|Over_5,true,línea exacta no entregada por bet365/bwin
2026-08-18,1607653,Sao Paulo vs Bolívar,CONMEBOL Sudamericana,2026-08-18T19:30:00-05:00,away_fouls_under5_5,Bolívar — Faltas cometidas — Menos de 5.5,team,0.941,93.75,180,3,1.6667,high,0,,,,32027,1267,3.956,false,,,line_not_offered,awayFouls,Under_5_5|Under_6,false,probabilidad < 70%
2026-08-18,1607653,Sao Paulo vs Bolívar,CONMEBOL Sudamericana,2026-08-18T19:30:00-05:00,away_fouls_over6_5,Bolívar — Faltas cometidas — Más de 6.5,team,98.5057,93.75,180,175,97.2222,elite95,121,97.7522,94.2149,3.5373,32027,29791,93.0184,false,,,line_not_offered,awayFouls,Over_6_5|Over_6,true,línea exacta no entregada por bet365/bwin
2026-08-18,1607653,Sao Paulo vs Bolívar,CONMEBOL Sudamericana,2026-08-18T19:30:00-05:00,away_fouls_under6_5,Bolívar — Faltas cometidas — Menos de 6.5,team,1.4943,93.75,180,5,2.7778,high,0,,,,32027,2236,6.9816,false,,,line_not_offered,awayFouls,Under_6_5|Under_7,false,probabilidad < 70%
2026-08-18,1607653,Sao Paulo vs Bolívar,CONMEBOL Sudamericana,2026-08-18T19:30:00-05:00,away_fouls_over7_5,Bolívar — Faltas cometidas — Más de 7.5,team,91.1484,93.75,180,169,93.8889,daily90,126,94.7988,92.8571,1.9417,32027,28272,88.2755,false,,,line_not_offered,awayFouls,Over_7_5|Over_7,true,línea exacta no entregada por bet365/bwin
2026-08-18,1607653,Sao Paulo vs Bolívar,CONMEBOL Sudamericana,2026-08-18T19:30:00-05:00,away_fouls_under7_5,Bolívar — Faltas cometidas — Menos de 7.5,team,8.8516,93.75,180,11,6.1111,high,0,,,,32027,3755,11.7245,false,,,line_not_offered,awayFouls,Under_7_5|Under_8,false,probabilidad < 70%
2026-08-18,1607653,Sao Paulo vs Bolívar,CONMEBOL Sudamericana,2026-08-18T19:30:00-05:00,away_fouls_over8_5,Bolívar — Faltas cometidas — Más de 8.5,team,84.0042,93.75,180,155,86.1111,high,146,89.2607,85.6164,3.6443,32027,26207,81.8278,false,,,line_not_offered,awayFouls,Over_8_5|Over_8,true,línea exacta no entregada por bet365/bwin
2026-08-18,1607653,Sao Paulo vs Bolívar,CONMEBOL Sudamericana,2026-08-18T19:30:00-05:00,away_fouls_under8_5,Bolívar — Faltas cometidas — Menos de 8.5,team,15.9958,93.75,180,25,13.8889,high,0,,,,32027,5820,18.1722,false,,,line_not_offered,awayFouls,Under_8_5|Under_9,false,probabilidad < 70%
2026-08-18,1607653,Sao Paulo vs Bolívar,CONMEBOL Sudamericana,2026-08-18T19:30:00-05:00,away_fouls_over9_5,Bolívar — Faltas cometidas — Más de 9.5,team,73.5274,93.75,180,138,76.6667,high,88,87.6579,79.5455,8.1124,32027,23730,74.0937,false,,,line_not_offered,awayFouls,Over_9_5|Over_9,false,línea exacta no entregada por bet365/bwin
2026-08-18,1607653,Sao Paulo vs Bolívar,CONMEBOL Sudamericana,2026-08-18T19:30:00-05:00,away_fouls_under9_5,Bolívar — Faltas cometidas — Menos de 9.5,team,26.4726,93.75,180,42,23.3333,high,0,,,,32027,8297,25.9063,false,,,line_not_offered,awayFouls,Under_9_5|Under_10,false,probabilidad < 70%
2026-08-18,1607653,Sao Paulo vs Bolívar,CONMEBOL Sudamericana,2026-08-18T19:30:00-05:00,away_fouls_over10_5,Bolívar — Faltas cometidas — Más de 10.5,team,70.2522,93.75,180,126,70,high,49,86.7385,67.3469,19.3916,32027,20803,64.9546,false,,,line_not_offered,awayFouls,Over_10_5|Over_10,false,línea exacta no entregada por bet365/bwin
2026-08-18,1607653,Sao Paulo vs Bolívar,CONMEBOL Sudamericana,2026-08-18T19:30:00-05:00,away_fouls_under10_5,Bolívar — Faltas cometidas — Menos de 10.5,team,29.7478,93.75,180,54,30,high,3,81.4771,100,18.5229,32027,11224,35.0454,false,,,line_not_offered,awayFouls,Under_10_5|Under_11,false,probabilidad < 70%
2026-08-18,1607653,Sao Paulo vs Bolívar,CONMEBOL Sudamericana,2026-08-18T19:30:00-05:00,away_fouls_over11_5,Bolívar — Faltas cometidas — Más de 11.5,team,61.1451,93.75,180,104,57.7778,high,23,85.2861,52.1739,33.1122,32027,17622,55.0223,false,,,line_not_offered,awayFouls,Over_11_5|Over_11,false,probabilidad < 70%
2026-08-18,1607653,Sao Paulo vs Bolívar,CONMEBOL Sudamericana,2026-08-18T19:30:00-05:00,away_fouls_under11_5,Bolívar — Faltas cometidas — Menos de 11.5,team,38.8549,93.75,180,76,42.2222,high,10,82.6616,80,2.6616,32027,14405,44.9777,false,,,line_not_offered,awayFouls,Under_11_5|Under_12,false,probabilidad < 70%
2026-08-18,1607653,Sao Paulo vs Bolívar,CONMEBOL Sudamericana,2026-08-18T19:30:00-05:00,away_fouls_over12_5,Bolívar — Faltas cometidas — Más de 12.5,team,52.4602,93.75,180,90,50,high,10,83.3391,40,43.3391,32027,14484,45.2243,false,,,line_not_offered,awayFouls,Over_12_5|Over_12,false,probabilidad < 70%
2026-08-18,1607653,Sao Paulo vs Bolívar,CONMEBOL Sudamericana,2026-08-18T19:30:00-05:00,away_fouls_under12_5,Bolívar — Faltas cometidas — Menos de 12.5,team,47.5398,93.75,180,90,50,high,25,84.7492,72,12.7492,32027,17543,54.7757,false,,,line_not_offered,awayFouls,Under_12_5|Under_13,false,probabilidad < 70%
2026-08-18,1607653,Sao Paulo vs Bolívar,CONMEBOL Sudamericana,2026-08-18T19:30:00-05:00,away_fouls_over13_5,Bolívar — Faltas cometidas — Más de 13.5,team,38.485,93.75,180,69,38.3333,high,2,83.6092,100,16.3908,32027,11457,35.7729,false,,,line_not_offered,awayFouls,Over_13_5|Over_13,false,probabilidad < 70%
2026-08-18,1607653,Sao Paulo vs Bolívar,CONMEBOL Sudamericana,2026-08-18T19:30:00-05:00,away_fouls_under13_5,Bolívar — Faltas cometidas — Menos de 13.5,team,61.515,93.75,180,111,61.6667,high,44,85.672,79.5455,6.1265,32027,20570,64.2271,false,,,line_not_offered,awayFouls,Under_13_5|Under_14,false,probabilidad < 70%
2026-08-18,1607653,Sao Paulo vs Bolívar,CONMEBOL Sudamericana,2026-08-18T19:30:00-05:00,away_fouls_over14_5,Bolívar — Faltas cometidas — Más de 14.5,team,29.8612,93.75,180,59,32.7778,high,0,,,,32027,8886,27.7453,false,,,line_not_offered,awayFouls,Over_14_5|Over_14,false,probabilidad < 70%
2026-08-18,1607653,Sao Paulo vs Bolívar,CONMEBOL Sudamericana,2026-08-18T19:30:00-05:00,away_fouls_under14_5,Bolívar — Faltas cometidas — Menos de 14.5,team,70.1388,93.75,180,121,67.2222,high,77,87.2464,87.013,0.2334,32027,23141,72.2547,false,,,line_not_offered,awayFouls,Under_14_5|Under_15,false,línea exacta no entregada por bet365/bwin
2026-08-18,1607653,Sao Paulo vs Bolívar,CONMEBOL Sudamericana,2026-08-18T19:30:00-05:00,away_fouls_over15_5,Bolívar — Faltas cometidas — Más de 15.5,team,18.6141,93.75,180,45,25,high,0,,,,32027,6659,20.7918,false,,,line_not_offered,awayFouls,Over_15_5|Over_15,false,probabilidad < 70%
2026-08-18,1607653,Sao Paulo vs Bolívar,CONMEBOL Sudamericana,2026-08-18T19:30:00-05:00,away_fouls_under15_5,Bolívar — Faltas cometidas — Menos de 15.5,team,81.3859,93.75,180,135,75,high,115,88.8399,88.6957,0.1442,32027,25368,79.2082,false,,,line_not_offered,awayFouls,Under_15_5|Under_16,true,línea exacta no entregada por bet365/bwin
2026-08-18,1607653,Sao Paulo vs Bolívar,CONMEBOL Sudamericana,2026-08-18T19:30:00-05:00,away_fouls_over16_5,Bolívar — Faltas cometidas — Más de 16.5,team,16.0813,93.75,180,36,20,high,0,,,,32027,4843,15.1216,false,,,line_not_offered,awayFouls,Over_16_5|Over_16,false,probabilidad < 70%
2026-08-18,1607653,Sao Paulo vs Bolívar,CONMEBOL Sudamericana,2026-08-18T19:30:00-05:00,away_fouls_under16_5,Bolívar — Faltas cometidas — Menos de 16.5,team,83.9187,93.75,180,144,80,high,145,90.2024,88.2759,1.9266,32027,27184,84.8784,false,,,line_not_offered,awayFouls,Under_16_5|Under_17,true,línea exacta no entregada por bet365/bwin
2026-08-18,1607653,Sao Paulo vs Bolívar,CONMEBOL Sudamericana,2026-08-18T19:30:00-05:00,away_fouls_over17_5,Bolívar — Faltas cometidas — Más de 17.5,team,13.5506,93.75,180,27,15,high,0,,,,32027,3451,10.7753,false,,,line_not_offered,awayFouls,Over_17_5|Over_17,false,probabilidad < 70%
2026-08-18,1607653,Sao Paulo vs Bolívar,CONMEBOL Sudamericana,2026-08-18T19:30:00-05:00,away_fouls_under17_5,Bolívar — Faltas cometidas — Menos de 17.5,team,86.4494,93.75,180,153,85,high,144,90.6537,88.8889,1.7648,32027,28576,89.2247,false,,,line_not_offered,awayFouls,Under_17_5|Under_18,true,línea exacta no entregada por bet365/bwin
2026-08-18,1607653,Sao Paulo vs Bolívar,CONMEBOL Sudamericana,2026-08-18T19:30:00-05:00,away_fouls_over18_5,Bolívar — Faltas cometidas — Más de 18.5,team,11.3212,93.75,180,19,10.5556,high,0,,,,32027,2369,7.3969,false,,,line_not_offered,awayFouls,Over_18_5|Over_18,false,probabilidad < 70%
2026-08-18,1607653,Sao Paulo vs Bolívar,CONMEBOL Sudamericana,2026-08-18T19:30:00-05:00,away_fouls_under18_5,Bolívar — Faltas cometidas — Menos de 18.5,team,88.6788,93.75,180,161,89.4444,high,110,92.4225,92.7273,0.3047,32027,29658,92.6031,false,,,line_not_offered,awayFouls,Under_18_5|Under_19,true,línea exacta no entregada por bet365/bwin
2026-08-18,1607653,Sao Paulo vs Bolívar,CONMEBOL Sudamericana,2026-08-18T19:30:00-05:00,away_fouls_over19_5,Bolívar — Faltas cometidas — Más de 19.5,team,3.5304,93.75,180,12,6.6667,high,0,,,,32027,1608,5.0208,false,,,line_not_offered,awayFouls,Over_19_5|Over_19,false,probabilidad < 70%
2026-08-18,1607653,Sao Paulo vs Bolívar,CONMEBOL Sudamericana,2026-08-18T19:30:00-05:00,away_fouls_under19_5,Bolívar — Faltas cometidas — Menos de 19.5,team,96.4696,93.75,180,168,93.3333,elite95,26,96.6174,88.4615,8.1558,32027,30419,94.9792,false,,,line_not_offered,awayFouls,Under_19_5|Under_20,true,línea exacta no entregada por bet365/bwin
2026-08-18,1607653,Sao Paulo vs Bolívar,CONMEBOL Sudamericana,2026-08-18T19:30:00-05:00,total_offsides_over0_5,Total partido — Fueras de juego — Más de 0.5,team,92.0805,93.75,180,160,88.8889,daily90,168,96.1253,94.6429,1.4824,32800,30262,92.2622,false,,,line_not_offered,offsides,Over_0_5|Over_0,true,línea exacta no entregada por bet365/bwin
2026-08-18,1607653,Sao Paulo vs Bolívar,CONMEBOL Sudamericana,2026-08-18T19:30:00-05:00,total_offsides_under0_5,Total partido — Fueras de juego — Menos de 0.5,team,7.9195,93.75,180,20,11.1111,high,0,,,,32800,2538,7.7378,false,,,line_not_offered,offsides,Under_0_5|Under_1,false,probabilidad < 70%
2026-08-18,1607653,Sao Paulo vs Bolívar,CONMEBOL Sudamericana,2026-08-18T19:30:00-05:00,total_offsides_over1_5,Total partido — Fueras de juego — Más de 1.5,team,77.777,93.75,180,133,73.8889,high,117,87.4769,82.0513,5.4256,32800,25968,79.1707,false,,,line_not_offered,offsides,Over_1_5|Over_1,false,línea exacta no entregada por bet365/bwin
2026-08-18,1607653,Sao Paulo vs Bolívar,CONMEBOL Sudamericana,2026-08-18T19:30:00-05:00,total_offsides_under1_5,Total partido — Fueras de juego — Menos de 1.5,team,22.223,93.75,180,47,26.1111,high,0,,,,32800,6832,20.8293,false,,,line_not_offered,offsides,Under_1_5|Under_2,false,probabilidad < 70%
2026-08-18,1607653,Sao Paulo vs Bolívar,CONMEBOL Sudamericana,2026-08-18T19:30:00-05:00,total_offsides_over2_5,Total partido — Fueras de juego — Más de 2.5,team,47.3963,93.75,180,92,51.1111,high,17,85.2054,70.5882,14.6172,32800,19814,60.4085,false,,,line_not_offered,offsides,Over_2_5|Over_2,false,probabilidad < 70%
2026-08-18,1607653,Sao Paulo vs Bolívar,CONMEBOL Sudamericana,2026-08-18T19:30:00-05:00,total_offsides_under2_5,Total partido — Fueras de juego — Menos de 2.5,team,52.6037,93.75,180,88,48.8889,high,1,92.8094,100,7.1906,32800,12986,39.5915,false,,,line_not_offered,offsides,Under_2_5|Under_3,false,probabilidad < 70%
2026-08-18,1607653,Sao Paulo vs Bolívar,CONMEBOL Sudamericana,2026-08-18T19:30:00-05:00,total_offsides_over3_5,Total partido — Fueras de juego — Más de 3.5,team,29.6626,93.75,180,57,31.6667,high,1,80.0541,0,80.0541,32800,13562,41.3476,false,,,line_not_offered,offsides,Over_3_5|Over_3,false,probabilidad < 70%
2026-08-18,1607653,Sao Paulo vs Bolívar,CONMEBOL Sudamericana,2026-08-18T19:30:00-05:00,total_offsides_under3_5,Total partido — Fueras de juego — Menos de 3.5,team,70.3374,93.75,180,123,68.3333,high,28,84.6355,64.2857,20.3498,32800,19238,58.6524,false,,,line_not_offered,offsides,Under_3_5|Under_4,false,línea exacta no entregada por bet365/bwin
2026-08-18,1607653,Sao Paulo vs Bolívar,CONMEBOL Sudamericana,2026-08-18T19:30:00-05:00,total_offsides_over4_5,Total partido — Fueras de juego — Más de 4.5,team,14.8195,93.75,180,32,17.7778,high,0,,,,32800,8416,25.6585,false,,,line_not_offered,offsides,Over_4_5|Over_4,false,probabilidad < 70%
2026-08-18,1607653,Sao Paulo vs Bolívar,CONMEBOL Sudamericana,2026-08-18T19:30:00-05:00,total_offsides_under4_5,Total partido — Fueras de juego — Menos de 4.5,team,85.1805,93.75,180,148,82.2222,high,94,86.7674,85.1064,1.661,32800,24384,74.3415,false,,,line_not_offered,offsides,Under_4_5|Under_5,true,línea exacta no entregada por bet365/bwin
2026-08-18,1607653,Sao Paulo vs Bolívar,CONMEBOL Sudamericana,2026-08-18T19:30:00-05:00,total_offsides_over5_5,Total partido — Fueras de juego — Más de 5.5,team,7.2002,93.75,180,14,7.7778,high,0,,,,32800,4748,14.4756,false,,,line_not_offered,offsides,Over_5_5|Over_5,false,probabilidad < 70%
2026-08-18,1607653,Sao Paulo vs Bolívar,CONMEBOL Sudamericana,2026-08-18T19:30:00-05:00,total_offsides_under5_5,Total partido — Fueras de juego — Menos de 5.5,team,92.7998,93.75,180,166,92.2222,daily90,90,93.7487,88.8889,4.8598,32800,28052,85.5244,false,,,line_not_offered,offsides,Under_5_5|Under_6,true,línea exacta no entregada por bet365/bwin
2026-08-18,1607653,Sao Paulo vs Bolívar,CONMEBOL Sudamericana,2026-08-18T19:30:00-05:00,home_offsides_over0_5,Sao Paulo — Fueras de juego — Más de 0.5,team,68.89,93.75,180,133,73.8889,high,73,87.9252,91.7808,3.8556,32800,25007,76.2409,false,,,line_not_offered,homeOffsides,Over_0_5|Over_0,false,probabilidad < 70%
2026-08-18,1607653,Sao Paulo vs Bolívar,CONMEBOL Sudamericana,2026-08-18T19:30:00-05:00,home_offsides_under0_5,Sao Paulo — Fueras de juego — Menos de 0.5,team,31.11,93.75,180,47,26.1111,high,0,,,,32800,7793,23.7591,false,,,line_not_offered,homeOffsides,Under_0_5|Under_1,false,probabilidad < 70%
2026-08-18,1607653,Sao Paulo vs Bolívar,CONMEBOL Sudamericana,2026-08-18T19:30:00-05:00,home_offsides_over1_5,Sao Paulo — Fueras de juego — Más de 1.5,team,40.8241,93.75,180,89,49.4444,high,3,86.9261,66.6667,20.2595,32800,15727,47.9482,false,,,line_not_offered,homeOffsides,Over_1_5|Over_1,false,probabilidad < 70%
2026-08-18,1607653,Sao Paulo vs Bolívar,CONMEBOL Sudamericana,2026-08-18T19:30:00-05:00,home_offsides_under1_5,Sao Paulo — Fueras de juego — Menos de 1.5,team,59.1759,93.75,180,91,50.5556,high,16,85.296,75,10.296,32800,17073,52.0518,false,,,line_not_offered,homeOffsides,Under_1_5|Under_2,false,probabilidad < 70%
2026-08-18,1607653,Sao Paulo vs Bolívar,CONMEBOL Sudamericana,2026-08-18T19:30:00-05:00,home_offsides_over2_5,Sao Paulo — Fueras de juego — Más de 2.5,team,13.4861,93.75,180,37,20.5556,high,0,,,,32800,8349,25.4543,false,,,line_not_offered,homeOffsides,Over_2_5|Over_2,false,probabilidad < 70%
2026-08-18,1607653,Sao Paulo vs Bolívar,CONMEBOL Sudamericana,2026-08-18T19:30:00-05:00,home_offsides_under2_5,Sao Paulo — Fueras de juego — Menos de 2.5,team,86.5139,93.75,180,143,79.4444,high,104,87.598,79.8077,7.7903,32800,24451,74.5457,false,,,line_not_offered,homeOffsides,Under_2_5|Under_3,true,línea exacta no entregada por bet365/bwin
2026-08-18,1607653,Sao Paulo vs Bolívar,CONMEBOL Sudamericana,2026-08-18T19:30:00-05:00,home_offsides_over3_5,Sao Paulo — Fueras de juego — Más de 3.5,team,4.9369,93.75,180,18,10,high,0,,,,32800,3940,12.0122,false,,,line_not_offered,homeOffsides,Over_3_5|Over_3,false,probabilidad < 70%
2026-08-18,1607653,Sao Paulo vs Bolívar,CONMEBOL Sudamericana,2026-08-18T19:30:00-05:00,home_offsides_under3_5,Sao Paulo — Fueras de juego — Menos de 3.5,team,95.0631,93.75,180,162,90,elite95,40,96.3293,85,11.3293,32800,28860,87.9878,false,,,line_not_offered,homeOffsides,Under_3_5|Under_4,true,línea exacta no entregada por bet365/bwin
2026-08-18,1607653,Sao Paulo vs Bolívar,CONMEBOL Sudamericana,2026-08-18T19:30:00-05:00,home_offsides_over4_5,Sao Paulo — Fueras de juego — Más de 4.5,team,3.0253,93.75,180,11,6.1111,high,0,,,,32800,1772,5.4024,false,,,line_not_offered,homeOffsides,Over_4_5|Over_4,false,probabilidad < 70%
2026-08-18,1607653,Sao Paulo vs Bolívar,CONMEBOL Sudamericana,2026-08-18T19:30:00-05:00,home_offsides_under4_5,Sao Paulo — Fueras de juego — Menos de 4.5,team,96.9747,93.75,180,169,93.8889,elite95,33,96.5793,96.9697,0.3904,32800,31028,94.5976,false,,,line_not_offered,homeOffsides,Under_4_5|Under_5,true,línea exacta no entregada por bet365/bwin
2026-08-18,1607653,Sao Paulo vs Bolívar,CONMEBOL Sudamericana,2026-08-18T19:30:00-05:00,away_offsides_over0_5,Bolívar — Fueras de juego — Más de 0.5,team,81.1117,93.75,180,120,66.6667,high,84,86.7604,77.381,9.3794,32800,24381,74.3323,false,,,line_not_offered,awayOffsides,Over_0_5|Over_0,true,línea exacta no entregada por bet365/bwin
2026-08-18,1607653,Sao Paulo vs Bolívar,CONMEBOL Sudamericana,2026-08-18T19:30:00-05:00,away_offsides_under0_5,Bolívar — Fueras de juego — Menos de 0.5,team,18.8883,93.75,180,60,33.3333,high,1,81.4366,100,18.5634,32800,8419,25.6677,false,,,line_not_offered,awayOffsides,Under_0_5|Under_1,false,probabilidad < 70%
2026-08-18,1607653,Sao Paulo vs Bolívar,CONMEBOL Sudamericana,2026-08-18T19:30:00-05:00,away_offsides_over1_5,Bolívar — Fueras de juego — Más de 1.5,team,39.1465,93.75,180,58,32.2222,high,1,82.6182,100,17.3818,32800,14473,44.125,false,,,line_not_offered,awayOffsides,Over_1_5|Over_1,false,probabilidad < 70%
2026-08-18,1607653,Sao Paulo vs Bolívar,CONMEBOL Sudamericana,2026-08-18T19:30:00-05:00,away_offsides_under1_5,Bolívar — Fueras de juego — Menos de 1.5,team,60.8535,93.75,180,122,67.7778,high,18,83.9627,77.7778,6.1849,32800,18327,55.875,false,,,line_not_offered,awayOffsides,Under_1_5|Under_2,false,probabilidad < 70%
2026-08-18,1607653,Sao Paulo vs Bolívar,CONMEBOL Sudamericana,2026-08-18T19:30:00-05:00,away_offsides_over2_5,Bolívar — Fueras de juego — Más de 2.5,team,14.7409,93.75,180,21,11.6667,high,0,,,,32800,7342,22.3841,false,,,line_not_offered,awayOffsides,Over_2_5|Over_2,false,probabilidad < 70%
2026-08-18,1607653,Sao Paulo vs Bolívar,CONMEBOL Sudamericana,2026-08-18T19:30:00-05:00,away_offsides_under2_5,Bolívar — Fueras de juego — Menos de 2.5,team,85.2591,93.75,180,159,88.3333,high,93,87.9955,80.6452,7.3503,32800,25458,77.6159,false,,,line_not_offered,awayOffsides,Under_2_5|Under_3,true,línea exacta no entregada por bet365/bwin
2026-08-18,1607653,Sao Paulo vs Bolívar,CONMEBOL Sudamericana,2026-08-18T19:30:00-05:00,btts,Ambos equipos marcan,team,49.6781,94.5946,210,105,50,high,10,92.9398,50,42.9398,55392,27773,50.139,false,2.1,Bet365,offered,btts,yes,false,probabilidad < 70%
2026-08-18,1607653,Sao Paulo vs Bolívar,CONMEBOL Sudamericana,2026-08-18T19:30:00-05:00,btts_no,Ambos equipos NO marcan,team,50.3219,94.5946,210,105,50,high,10,90.2362,80,10.2362,55392,27619,49.861,false,1.67,Bet365,offered,btts,no,false,probabilidad < 70%
2026-08-18,1607653,Sao Paulo vs Bolívar,CONMEBOL Sudamericana,2026-08-18T19:30:00-05:00,clean_sheet_home,Portería a cero — Sao Paulo,team,32.5876,94.5946,210,,,high,3,94.0369,66.6667,27.3702,55392,18375,33.1727,false,1.91,Bet365,offered,cleanSheetHome,yes,false,probabilidad < 70%
2026-08-18,1607653,Sao Paulo vs Bolívar,CONMEBOL Sudamericana,2026-08-18T19:30:00-05:00,clean_sheet_away,Portería a cero — Bolívar,team,26.6933,94.5946,210,,,high,2,99.9999,0,99.9999,55392,13580,24.5162,false,6.5,Bet365,offered,cleanSheetAway,yes,false,probabilidad < 70%
2026-08-18,1607653,Sao Paulo vs Bolívar,CONMEBOL Sudamericana,2026-08-18T19:30:00-05:00,home_win,Ganador — Sao Paulo,team,24.5585,94.5946,210,,,high,4,99.9999,50,49.9999,55392,24534,44.2916,false,1.44,Bet365,offered,matchWinner,home,false,probabilidad < 70%
2026-08-18,1607653,Sao Paulo vs Bolívar,CONMEBOL Sudamericana,2026-08-18T19:30:00-05:00,draw,Empate,team,31.4897,94.5946,210,,,high,1,99.9999,0,99.9999,55392,14001,25.2762,false,4.5,Bet365,offered,matchWinner,draw,false,probabilidad < 70%
2026-08-18,1607653,Sao Paulo vs Bolívar,CONMEBOL Sudamericana,2026-08-18T19:30:00-05:00,away_win,Ganador — Bolívar,team,43.9518,94.5946,210,,,high,3,93.8006,0,93.8006,55392,16857,30.4322,false,7,Bet365,offered,matchWinner,away,false,probabilidad < 70%
2026-08-18,1607653,Sao Paulo vs Bolívar,CONMEBOL Sudamericana,2026-08-18T19:30:00-05:00,total_goals_1h_over0_5,Total partido · 1ª Parte — Goles — Más de 0.5,team,69.1939,94.5455,208,146,70.1923,high,85,86.5385,84.7059,1.8326,54005,37647,69.7102,false,1.35,Bet365,offered,goals1H,Over_0_5|Over_0,false,probabilidad < 70%
2026-08-18,1607653,Sao Paulo vs Bolívar,CONMEBOL Sudamericana,2026-08-18T19:30:00-05:00,total_goals_1h_under0_5,Total partido · 1ª Parte — Goles — Menos de 0.5,team,30.8061,94.5455,208,62,29.8077,high,6,94.0656,66.6667,27.3989,54005,16358,30.2898,false,3.1,Bet365,offered,goals1H,Under_0_5|Under_1,false,probabilidad < 70%
2026-08-18,1607653,Sao Paulo vs Bolívar,CONMEBOL Sudamericana,2026-08-18T19:30:00-05:00,total_goals_1h_over1_5,Total partido · 1ª Parte — Goles — Más de 1.5,team,25.711,94.5455,208,77,37.0192,high,2,99.9999,50,49.9999,54005,18446,34.1561,false,2.6,Bet365,offered,goals1H,Over_1_5|Over_1,false,probabilidad < 70%
2026-08-18,1607653,Sao Paulo vs Bolívar,CONMEBOL Sudamericana,2026-08-18T19:30:00-05:00,total_goals_1h_under1_5,Total partido · 1ª Parte — Goles — Menos de 1.5,team,74.289,94.5455,208,131,62.9808,high,25,85.2545,72,13.2545,54005,35559,65.8439,true,1.48,Bet365,offered,goals1H,Under_1_5|Under_2,false,
2026-08-18,1607653,Sao Paulo vs Bolívar,CONMEBOL Sudamericana,2026-08-18T19:30:00-05:00,total_goals_1h_over2_5,Total partido · 1ª Parte — Goles — Más de 2.5,team,7.8408,94.5455,208,24,11.5385,high,0,,,,54005,6715,12.434,false,6.4,Bet365,offered,goals1H,Over_2_5|Over_2,false,probabilidad < 70%
2026-08-18,1607653,Sao Paulo vs Bolívar,CONMEBOL Sudamericana,2026-08-18T19:30:00-05:00,total_goals_1h_under2_5,Total partido · 1ª Parte — Goles — Menos de 2.5,team,92.1592,94.5455,208,184,88.4615,daily90,108,93.5013,88.8889,4.6124,54005,47290,87.566,false,1.12,Bet365,below_minimum,goals1H,Under_2_5|Under_3,true,cuota real < 1.20
2026-08-18,1607653,Sao Paulo vs Bolívar,CONMEBOL Sudamericana,2026-08-18T19:30:00-05:00,home_goals_1h_over0_5,Sao Paulo · 1ª Parte — Goles a favor — Más de 0.5,team,50.259,94.5455,208,96,46.1538,high,7,97.1428,42.8571,54.2856,54005,26073,48.2789,false,,,line_not_offered,homeGoals1H,Over_0_5|Over_0,false,probabilidad < 70%
2026-08-18,1607653,Sao Paulo vs Bolívar,CONMEBOL Sudamericana,2026-08-18T19:30:00-05:00,home_goals_1h_under0_5,Sao Paulo · 1ª Parte — Goles a favor — Menos de 0.5,team,49.741,94.5455,208,112,53.8462,high,14,94.3799,64.2857,30.0942,54005,27932,51.7211,false,,,line_not_offered,homeGoals1H,Under_0_5|Under_1,false,probabilidad < 70%
2026-08-18,1607653,Sao Paulo vs Bolívar,CONMEBOL Sudamericana,2026-08-18T19:30:00-05:00,home_goals_1h_over1_5,Sao Paulo · 1ª Parte — Goles a favor — Más de 1.5,team,10.9492,94.5455,208,23,11.0577,high,0,,,,54005,7968,14.7542,false,,,line_not_offered,homeGoals1H,Over_1_5|Over_1,false,probabilidad < 70%
2026-08-18,1607653,Sao Paulo vs Bolívar,CONMEBOL Sudamericana,2026-08-18T19:30:00-05:00,home_goals_1h_under1_5,Sao Paulo · 1ª Parte — Goles a favor — Menos de 1.5,team,89.0508,94.5455,208,185,88.9423,high,248,89.3139,82.2581,7.0558,54005,46037,85.2458,false,,,line_not_offered,homeGoals1H,Under_1_5|Under_2,true,línea exacta no entregada por bet365/bwin
2026-08-18,1607653,Sao Paulo vs Bolívar,CONMEBOL Sudamericana,2026-08-18T19:30:00-05:00,away_goals_1h_over0_5,Bolívar · 1ª Parte — Goles a favor — Más de 0.5,team,30.6495,94.5455,208,90,43.2692,high,6,97.8582,50,47.8582,54005,21724,40.2259,false,,,line_not_offered,awayGoals1H,Over_0_5|Over_0,false,probabilidad < 70%
2026-08-18,1607653,Sao Paulo vs Bolívar,CONMEBOL Sudamericana,2026-08-18T19:30:00-05:00,away_goals_1h_under0_5,Bolívar · 1ª Parte — Goles a favor — Menos de 0.5,team,69.3505,94.5455,208,118,56.7308,high,14,91.3142,78.5714,12.7428,54005,32281,59.7741,false,,,line_not_offered,awayGoals1H,Under_0_5|Under_1,false,probabilidad < 70%
2026-08-18,1607653,Sao Paulo vs Bolívar,CONMEBOL Sudamericana,2026-08-18T19:30:00-05:00,away_goals_1h_over1_5,Bolívar · 1ª Parte — Goles a favor — Más de 1.5,team,12.7049,94.5455,208,36,17.3077,high,0,,,,54005,5652,10.4657,false,,,line_not_offered,awayGoals1H,Over_1_5|Over_1,false,probabilidad < 70%
2026-08-18,1607653,Sao Paulo vs Bolívar,CONMEBOL Sudamericana,2026-08-18T19:30:00-05:00,away_goals_1h_under1_5,Bolívar · 1ª Parte — Goles a favor — Menos de 1.5,team,87.2951,94.5455,208,172,82.6923,high,253,88.874,92.4901,3.6161,54005,48353,89.5343,false,,,line_not_offered,awayGoals1H,Under_1_5|Under_2,true,línea exacta no entregada por bet365/bwin
2026-08-18,1607653,Sao Paulo vs Bolívar,CONMEBOL Sudamericana,2026-08-18T19:30:00-05:00,total_goals_2h_over0_5,Total partido · 2ª Parte — Goles — Más de 0.5,team,75.7022,94.5455,208,162,77.8846,high,160,87.2398,81.875,5.3648,54005,41649,77.1206,true,1.22,Bet365,offered,goals2H,Over_0_5|Over_0,false,
2026-08-18,1607653,Sao Paulo vs Bolívar,CONMEBOL Sudamericana,2026-08-18T19:30:00-05:00,total_goals_2h_under0_5,Total partido · 2ª Parte — Goles — Menos de 0.5,team,24.2978,94.5455,208,46,22.1154,high,1,99.9999,0,99.9999,54005,12356,22.8794,false,4,Bet365,offered,goals2H,Under_0_5|Under_1,false,probabilidad < 70%
2026-08-18,1607653,Sao Paulo vs Bolívar,CONMEBOL Sudamericana,2026-08-18T19:30:00-05:00,total_goals_2h_over1_5,Total partido · 2ª Parte — Goles — Más de 1.5,team,31.2383,94.5455,208,83,39.9038,high,1,99.9999,100,0.0001,54005,23667,43.8237,false,2,Bet365,offered,goals2H,Over_1_5|Over_1,false,probabilidad < 70%
2026-08-18,1607653,Sao Paulo vs Bolívar,CONMEBOL Sudamericana,2026-08-18T19:30:00-05:00,total_goals_2h_under1_5,Total partido · 2ª Parte — Goles — Menos de 1.5,team,68.7617,94.5455,208,125,60.0962,high,10,83.7299,100,16.2701,54005,30338,56.1763,false,1.73,Bet365,offered,goals2H,Under_1_5|Under_2,false,probabilidad < 70%
2026-08-18,1607653,Sao Paulo vs Bolívar,CONMEBOL Sudamericana,2026-08-18T19:30:00-05:00,total_goals_2h_over2_5,Total partido · 2ª Parte — Goles — Más de 2.5,team,9.579,94.5455,208,32,15.3846,high,1,99.9999,0,99.9999,54005,10146,18.7871,false,4.33,Bet365,offered,goals2H,Over_2_5|Over_2,false,probabilidad < 70%
2026-08-18,1607653,Sao Paulo vs Bolívar,CONMEBOL Sudamericana,2026-08-18T19:30:00-05:00,total_goals_2h_under2_5,Total partido · 2ª Parte — Goles — Menos de 2.5,team,90.421,94.5455,208,176,84.6154,daily90,57,92.4835,80.7018,11.7817,54005,43859,81.2129,true,1.2,Bet365,offered,goals2H,Under_2_5|Under_3,true,
2026-08-18,1607653,Sao Paulo vs Bolívar,CONMEBOL Sudamericana,2026-08-18T19:30:00-05:00,home_goals_2h_over0_5,Sao Paulo · 2ª Parte — Goles a favor — Más de 0.5,team,37.2213,94.5455,208,94,45.1923,high,11,92.1296,54.5455,37.5841,54005,29607,54.8227,false,,,line_not_offered,homeGoals2H,Over_0_5|Over_0,false,probabilidad < 70%
2026-08-18,1607653,Sao Paulo vs Bolívar,CONMEBOL Sudamericana,2026-08-18T19:30:00-05:00,home_goals_2h_under0_5,Sao Paulo · 2ª Parte — Goles a favor — Menos de 0.5,team,62.7787,94.5455,208,114,54.8077,high,3,94.9563,33.3333,61.6229,54005,24398,45.1773,false,,,line_not_offered,homeGoals2H,Under_0_5|Under_1,false,probabilidad < 70%
2026-08-18,1607653,Sao Paulo vs Bolívar,CONMEBOL Sudamericana,2026-08-18T19:30:00-05:00,home_goals_2h_over1_5,Sao Paulo · 2ª Parte — Goles a favor — Más de 1.5,team,4.9862,94.5455,208,21,10.0962,high,1,99.9999,100,0.0001,54005,10907,20.1963,false,,,line_not_offered,homeGoals2H,Over_1_5|Over_1,false,probabilidad < 70%
2026-08-18,1607653,Sao Paulo vs Bolívar,CONMEBOL Sudamericana,2026-08-18T19:30:00-05:00,home_goals_2h_under1_5,Sao Paulo · 2ª Parte — Goles a favor — Menos de 1.5,team,95.0138,94.5455,208,187,89.9038,elite95,8,95.84,100,4.16,54005,43098,79.8037,false,,,line_not_offered,homeGoals2H,Under_1_5|Under_2,true,línea exacta no entregada por bet365/bwin
2026-08-18,1607653,Sao Paulo vs Bolívar,CONMEBOL Sudamericana,2026-08-18T19:30:00-05:00,away_goals_2h_over0_5,Bolívar · 2ª Parte — Goles a favor — Más de 0.5,team,52.6922,94.5455,208,109,52.4038,high,8,88.6074,50,38.6074,54005,25213,46.6864,false,,,line_not_offered,awayGoals2H,Over_0_5|Over_0,false,probabilidad < 70%
2026-08-18,1607653,Sao Paulo vs Bolívar,CONMEBOL Sudamericana,2026-08-18T19:30:00-05:00,away_goals_2h_under0_5,Bolívar · 2ª Parte — Goles a favor — Menos de 0.5,team,47.3078,94.5455,208,99,47.5962,high,8,95.2638,62.5,32.7638,54005,28792,53.3136,false,,,line_not_offered,awayGoals2H,Under_0_5|Under_1,false,probabilidad < 70%
2026-08-18,1607653,Sao Paulo vs Bolívar,CONMEBOL Sudamericana,2026-08-18T19:30:00-05:00,away_goals_2h_over1_5,Bolívar · 2ª Parte — Goles a favor — Más de 1.5,team,20.0323,94.5455,208,46,22.1154,high,0,,,,54005,7926,14.6764,false,,,line_not_offered,awayGoals2H,Over_1_5|Over_1,false,probabilidad < 70%
2026-08-18,1607653,Sao Paulo vs Bolívar,CONMEBOL Sudamericana,2026-08-18T19:30:00-05:00,away_goals_2h_under1_5,Bolívar · 2ª Parte — Goles a favor — Menos de 1.5,team,79.9677,94.5455,208,162,77.8846,high,217,86.8549,90.3226,3.4677,54005,46079,85.3236,false,,,line_not_offered,awayGoals2H,Under_1_5|Under_2,false,línea exacta no entregada por bet365/bwin
2026-08-18,1607653,Sao Paulo vs Bolívar,CONMEBOL Sudamericana,2026-08-18T19:30:00-05:00,away_goals_2h_over2_5,Bolívar · 2ª Parte — Goles a favor — Más de 2.5,team,5.1363,94.5455,208,13,6.25,high,0,,,,54005,2010,3.7219,false,,,line_not_offered,awayGoals2H,Over_2_5|Over_2,false,probabilidad < 70%
2026-08-18,1607653,Sao Paulo vs Bolívar,CONMEBOL Sudamericana,2026-08-18T19:30:00-05:00,away_goals_2h_under2_5,Bolívar · 2ª Parte — Goles a favor — Menos de 2.5,team,94.8637,94.5455,208,195,93.75,daily90,84,95.1471,90.4762,4.6709,54005,51995,96.2781,false,,,line_not_offered,awayGoals2H,Under_2_5|Under_3,true,línea exacta no entregada por bet365/bwin
2026-08-18,1607653,Sao Paulo vs Bolívar,CONMEBOL Sudamericana,2026-08-18T19:30:00-05:00,red_card_home,Sao Paulo — Tarjeta roja,team,14.4448,94.5455,208,,,high,0,,,,55392,2907,5.2481,false,,,unsupported_market,,,false,probabilidad < 70%
2026-08-18,1607653,Sao Paulo vs Bolívar,CONMEBOL Sudamericana,2026-08-18T19:30:00-05:00,red_card_away,Bolívar — Tarjeta roja,team,14.5511,94.5455,208,,,high,0,,,,55392,3503,6.324,false,,,unsupported_market,,,false,probabilidad < 70%
2026-08-18,1607653,Sao Paulo vs Bolívar,CONMEBOL Sudamericana,2026-08-18T19:30:00-05:00,red_card_any,Total partido — Habrá tarjeta roja,team,23.5421,94.5455,208,,,high,0,,,,55392,5923,10.6929,false,,,unsupported_market,,,false,probabilidad < 70%
2026-08-18,1607653,Sao Paulo vs Bolívar,CONMEBOL Sudamericana,2026-08-18T19:30:00-05:00,first_goal_45,Primer gol antes del minuto 45,team,65.6382,94.3128,199,,,high,77,86.2933,77.9221,8.3712,50674,34474,68.0309,false,,,unsupported_market,,,false,probabilidad < 70%
2026-08-18,1607653,Sao Paulo vs Bolívar,CONMEBOL Sudamericana,2026-08-18T19:30:00-05:00,dc_1x,Doble oportunidad — Sao Paulo o Empate,team,56.0482,94.5946,210,,,high,0,,,,55392,38535,69.5678,false,1.08,Bet365,below_minimum,doubleChance,1x,false,probabilidad < 70%
2026-08-18,1607653,Sao Paulo vs Bolívar,CONMEBOL Sudamericana,2026-08-18T19:30:00-05:00,dc_12,Doble oportunidad — Sao Paulo o Bolívar (sin empate),team,68.5103,94.5946,210,,,high,0,,,,55392,41391,74.7238,false,1.18,Bet365,below_minimum,doubleChance,12,false,probabilidad < 70%
2026-08-18,1607653,Sao Paulo vs Bolívar,CONMEBOL Sudamericana,2026-08-18T19:30:00-05:00,dc_x2,Doble oportunidad — Bolívar o Empate,team,75.4415,94.5946,210,,,high,0,,,,55392,30858,55.7084,true,2.75,Bet365,offered,doubleChance,x2,false,
2026-08-18,1607653,Sao Paulo vs Bolívar,CONMEBOL Sudamericana,2026-08-18T19:30:00-05:00,goals_odd,Total goles — Impar,team,47.4065,94.5946,210,,,high,0,,,,55392,27564,49.7617,false,1.95,Bet365,offered,oddEven,odd,false,probabilidad < 70%
2026-08-18,1607653,Sao Paulo vs Bolívar,CONMEBOL Sudamericana,2026-08-18T19:30:00-05:00,goals_even,Total goles — Par,team,52.5935,94.5946,210,,,high,0,,,,55392,27828,50.2383,false,1.9,Bet365,offered,oddEven,even,false,probabilidad < 70%
2026-08-18,1607653,Sao Paulo vs Bolívar,CONMEBOL Sudamericana,2026-08-18T19:30:00-05:00,cs_1_0,Marcador exacto — Sao Paulo 1-0 Bolívar,team,15.1625,97.2222,420,,,high,0,,,,55392,5877,10.6098,false,6.5,Bet365,offered,correctScore,1:0,false,probabilidad < 70%
2026-08-18,1607653,Sao Paulo vs Bolívar,CONMEBOL Sudamericana,2026-08-18T19:30:00-05:00,cs_1_1,Marcador exacto — Sao Paulo 1-1 Bolívar,team,14.7652,97.2222,420,,,high,0,,,,55392,6348,11.4601,false,8.5,Bet365,offered,correctScore,1:1,false,probabilidad < 70%
2026-08-18,1607653,Sao Paulo vs Bolívar,CONMEBOL Sudamericana,2026-08-18T19:30:00-05:00,cs_1_2,Marcador exacto — Sao Paulo 1-2 Bolívar,team,10.5333,97.2222,420,,,high,0,,,,55392,3662,6.6111,false,21,Bet365,offered,correctScore,1:2,false,probabilidad < 70%
2026-08-18,1607653,Sao Paulo vs Bolívar,CONMEBOL Sudamericana,2026-08-18T19:30:00-05:00,cs_0_0,Marcador exacto — Sao Paulo 0-0 Bolívar,team,8.6987,97.2222,420,,,high,0,,,,55392,4336,7.8278,false,12,Bet365,offered,correctScore,0:0,false,probabilidad < 70%
2026-08-18,1607653,Sao Paulo vs Bolívar,CONMEBOL Sudamericana,2026-08-18T19:30:00-05:00,cs_0_1,Marcador exacto — Sao Paulo 0-1 Bolívar,team,8.4708,97.2222,420,,,high,0,,,,55392,4355,7.8621,false,17,Bet365,offered,correctScore,0:1,false,probabilidad < 70%
2026-08-18,1607653,Sao Paulo vs Bolívar,CONMEBOL Sudamericana,2026-08-18T19:30:00-05:00,cs_2_0,Marcador exacto — Sao Paulo 2-0 Bolívar,team,7.4304,97.2222,420,,,high,0,,,,55392,4033,7.2808,false,6.5,Bet365,offered,correctScore,2:0,false,probabilidad < 70%
2026-08-18,1607653,Sao Paulo vs Bolívar,CONMEBOL Sudamericana,2026-08-18T19:30:00-05:00,cs_2_1,Marcador exacto — Sao Paulo 2-1 Bolívar,team,7.2357,97.2222,420,,,high,0,,,,55392,4705,8.494,false,9,Bet365,offered,correctScore,2:1,false,probabilidad < 70%
2026-08-18,1607653,Sao Paulo vs Bolívar,CONMEBOL Sudamericana,2026-08-18T19:30:00-05:00,cs_0_2,Marcador exacto — Sao Paulo 0-2 Bolívar,team,6.043,97.2222,420,,,high,0,,,,55392,2596,4.6866,false,34,Bet365,offered,correctScore,0:2,false,probabilidad < 70%
2026-08-18,1607653,Sao Paulo vs Bolívar,CONMEBOL Sudamericana,2026-08-18T19:30:00-05:00,cs_2_2,Marcador exacto — Sao Paulo 2-2 Bolívar,team,5.1618,97.2222,420,,,high,0,,,,55392,2739,4.9448,false,21,Bet365,offered,correctScore,2:2,false,probabilidad < 70%
2026-08-18,1607653,Sao Paulo vs Bolívar,CONMEBOL Sudamericana,2026-08-18T19:30:00-05:00,cs_1_3,Marcador exacto — Sao Paulo 1-3 Bolívar,team,4.1592,97.2222,420,,,high,0,,,,55392,1453,2.6231,false,51,Bet365,offered,correctScore,1:3,false,probabilidad < 70%
2026-08-18,1607653,Sao Paulo vs Bolívar,CONMEBOL Sudamericana,2026-08-18T19:30:00-05:00,cs_0_3,Marcador exacto — Sao Paulo 0-3 Bolívar,team,2.3862,97.2222,420,,,high,0,,,,55392,1272,2.2964,false,81,Bet365,offered,correctScore,0:3,false,probabilidad < 70%
2026-08-18,1607653,Sao Paulo vs Bolívar,CONMEBOL Sudamericana,2026-08-18T19:30:00-05:00,cs_2_3,Marcador exacto — Sao Paulo 2-3 Bolívar,team,2.0382,97.2222,420,,,high,0,,,,55392,999,1.8035,false,51,Bet365,offered,correctScore,2:3,false,probabilidad < 70%
2026-08-18,1607653,Sao Paulo vs Bolívar,CONMEBOL Sudamericana,2026-08-18T19:30:00-05:00,exact_goals_0,Goles totales — Exactamente 0,team,8.6987,97.2222,420,,,high,0,,,,55392,4336,7.8278,false,,,line_not_offered,exactGoals,0,false,probabilidad < 70%
2026-08-18,1607653,Sao Paulo vs Bolívar,CONMEBOL Sudamericana,2026-08-18T19:30:00-05:00,exact_goals_1,Goles totales — Exactamente 1,team,23.6333,97.2222,420,,,high,0,,,,55392,10232,18.472,false,5,Bet365,offered,exactGoals,1,false,probabilidad < 70%
2026-08-18,1607653,Sao Paulo vs Bolívar,CONMEBOL Sudamericana,2026-08-18T19:30:00-05:00,exact_goals_2,Goles totales — Exactamente 2,team,28.2386,97.2222,420,,,high,0,,,,55392,12977,23.4276,false,3.75,Bet365,offered,exactGoals,2,false,probabilidad < 70%
2026-08-18,1607653,Sao Paulo vs Bolívar,CONMEBOL Sudamericana,2026-08-18T19:30:00-05:00,exact_goals_3,Goles totales — Exactamente 3,team,20.1552,97.2222,420,,,high,0,,,,55392,11869,21.4273,false,4,Bet365,offered,exactGoals,3,false,probabilidad < 70%
2026-08-18,1607653,Sao Paulo vs Bolívar,CONMEBOL Sudamericana,2026-08-18T19:30:00-05:00,exact_goals_4,Goles totales — Exactamente 4,team,9.321,97.2222,420,,,high,0,,,,55392,7966,14.3811,false,5.5,Bet365,offered,exactGoals,4,false,probabilidad < 70%
2026-08-18,1607653,Sao Paulo vs Bolívar,CONMEBOL Sudamericana,2026-08-18T19:30:00-05:00,exact_goals_5,Goles totales — Exactamente 5,team,2.0382,97.2222,420,,,high,0,,,,55392,4399,7.9416,false,9.5,Bet365,offered,exactGoals,5,false,probabilidad < 70%
2026-08-18,1607653,Sao Paulo vs Bolívar,CONMEBOL Sudamericana,2026-08-18T19:30:00-05:00,ah_home_m0_5,Hándicap asiático — Sao Paulo -0.5,team,33.3528,94.5946,210,,,high,0,,,,55392,24534,44.2916,false,1.42,Bet365,offered,asianHandicap,Home_-0.5,false,probabilidad < 70%
2026-08-18,1607653,Sao Paulo vs Bolívar,CONMEBOL Sudamericana,2026-08-18T19:30:00-05:00,ah_home_m1_5,Hándicap asiático — Sao Paulo -1.5,team,10.155,94.5946,210,,,high,0,,,,55392,12436,22.4509,false,2.2,Bet365,offered,asianHandicap,Home_-1.5,false,probabilidad < 70%
2026-08-18,1607653,Sao Paulo vs Bolívar,CONMEBOL Sudamericana,2026-08-18T19:30:00-05:00,ah_home_p0_5,Hándicap asiático — Sao Paulo +0.5,team,62.2809,94.5946,210,,,high,0,,,,55392,38535,69.5678,false,1.11,Bet365,below_minimum,asianHandicap,Home_+0.5,false,probabilidad < 70%
2026-08-18,1607653,Sao Paulo vs Bolívar,CONMEBOL Sudamericana,2026-08-18T19:30:00-05:00,ah_home_p1_5,Hándicap asiático — Sao Paulo +1.5,team,83.3932,94.5946,210,,,high,0,,,,55392,47752,86.2074,false,,,line_not_offered,asianHandicap,Home_+1.5,true,línea exacta no entregada por bet365/bwin
2026-08-18,1607653,Sao Paulo vs Bolívar,CONMEBOL Sudamericana,2026-08-18T19:30:00-05:00,eh_home_m1,Hándicap europeo — Sao Paulo -1,team,10.155,94.5946,210,,,high,0,,,,55392,12436,22.4509,false,2.2,Bet365,offered,handicap,Home_-1,false,probabilidad < 70%
2026-08-18,1607653,Sao Paulo vs Bolívar,CONMEBOL Sudamericana,2026-08-18T19:30:00-05:00,eh_home_p1,Hándicap europeo — Sao Paulo +1,team,62.2809,94.5946,210,,,high,0,,,,55392,38535,69.5678,false,1.08,Bet365,below_minimum,handicap,Home_+1,false,probabilidad < 70%
